species,combat_power,hit_points,weight_kg,weight_bin,height_m,height_bin,fast_attack,charge_attack,PCD8
krabby,51,15,5.82,normal,0.36,normal,mud_shot,vice_grip,CO9  1XB
geodude,85,23,20.88,normal,0.37,normal,rock_throw,rock_tomb,BD10 8QF
venonat,129,38,20.4,extra_small,0.92,normal,confusion,poison_fang,DN32 8ED
parasect,171,32,19.2,extra_small,0.87,normal,bug_bite,x-scissor,OX18 2PG
eevee,172,37,4.18,extra_small,0.25,normal,tackle,body_slam,TN31 6UY
voltorb,131,320,11.2,normal,0.48,normal,spark,discharge,LN6  5TX
shellder,96,21,3.49,normal,0.27,normal,tackle,bubble_beam,SS13 2EJ
staryu,11,10,36.41,normal,0.8,normal,water_gun,bubble_beam,HA9  8TJ
nidoran_male,112,30,9.49,normal,0.51,normal,poison_sting,body_slam,SY21 9BB
poliwag,156,35,11.24,normal,0.58,normal,bubble,body_slam,EN5  2JJ
paras,127,26,5.45,normal,0.29,normal,scratch,seed_bomb,SA2  8AD
venonat,137,38,41.23,extra_large,1.26,extra_large,bug_bite,psybeam,GL1  2TU
horsea,53,14,5.1,extra_small,0.35,normal,bubble,flash_cannon,WD24 6DQ
grimer,256,64,30.2,normal,0.84,normal,acid,sludge_bomb,WV14 0BY
nidoran_female,10,11,6.21,normal,0.36,normal,bite,poison_fang,TR8  4LH
kingler,234,33,73.81,normal,1.52,normal,metal_claw,vice_grip,PO14 2RA
magnemite,20,20,5.28,normal,0.3,normal,thunder_shock,magnet_bomb,ME17 2AP
koffing,173,26,0.53,extra_small,0.49,normal,acid,sludge,GL5  2BL
rhyhorn,157,49,90.57,normal,0.94,normal,rock_smash,horn_attack,HG1  2PR
slowpoke,140,56,39.17,normal,1.32,normal,confusion,psychic,GL5  2ND
scyther,246,42,56.34,normal,1.54,normal,fury_cutter,bug_buzz,WA15 7DL
squirtle,112,25,7.58,normal,0.48,normal,tackle,aqua_tail,NE40 4XF
pikachu,111,23,7.82,extra_large,0.45,normal,thunder_shock,thunder,CT9  2BA
tangela,274,45,46.92,extra_large,1.12,normal,vine_whip,solar_beam,PL6  5NR
magikarp,52,16,9.93,normal,0.83,normal,splash,struggle,PE31 7EE
seel,99,34,117.45,extra_large,1.27,normal,water_gun,icy_wind,LA11 6AB
psyduck,97,26,26.05,extra_large,0.9,normal,zen_headbutt,psybeam,RG14 6BY
bellsprout,156,32,5.85,extra_large,0.8,normal,acid,sludge_bomb,WA16 8JD
goldeen,236,41,22.2,extra_large,0.7,normal,mud_shot,horn_attack,NN11 9NS
oddish,221,37,5.02,normal,0.5,normal,razor_leaf,seed_bomb,CH46 1RD
bulbasaur,135,29,10.09,extra_large,0.8,normal,tackle,sludge_bomb,CT7  0PZ
jigglypuff,221,93,7.04,extra_large,0.56,normal,pound,play_rough,OL8  1QD
gastly,28,10,0.06,extra_small,0.96,extra_small,sucker_punch,dark_pulse,BN27 4TF
meowth,200,38,3.41,normal,0.4,normal,scratch,night_slash,NW3  7TA
spearow,64,23,2.1,normal,0.31,normal,peck,twister,WN1  2BN
drowzee,296,53,23.06,extra_small,0.98,normal,confusion,psybeam,CF63 1DD
vulpix,136,29,7.35,extra_small,0.51,normal,ember,flamethrower,CM16 6HX
zubat,60,21,7.13,normal,0.78,normal,bite,air_cutter,ME9  7QN
bellsprout,262,44,5.42,extra_large,0.82,normal,acid,sludge_bomb,M38  9QA
weedle,79,31,2.16,extra_small,0.28,normal,bug_bite,struggle,NR2  1AT
weedle,14,14,3.28,normal,0.3,normal,poison_sting,struggle,DL5  7LQ
drowzee,13,12,24.82,normal,0.79,normal,pound,psychic,SO30 2SW
caterpie,13,15,1.72,extra_small,0.24,normal,bug_bite,struggle,GL2  2DT
pidgey,112,30,1.86,normal,0.28,normal,quick_attack,aerial_ace,SA43 3BA
pidgey,219,44,2.02,normal,0.33,normal,quick_attack,aerial_ace,CR7  6DL
geodude,225,38,18.16,normal,0.4,normal,tackle,rock_slide,AL1  5HQ
rattata,90,22,1.87,extra_small,0.27,normal,quick_attack,body_slam,BS8  1HA
drowzee,294,54,31.05,normal,0.8,normal,confusion,psybeam,BH24 4DJ
pidgey,125,31,2.24,normal,0.35,normal,quick_attack,twister,CV32 4YU
goldeen,64,22,14,normal,0.59,normal,peck,water_pulse,TF3  2JG
psyduck,41,17,23.63,normal,0.91,normal,zen_headbutt,psybeam,SY7  9EJ
venonat,70,26,31.99,normal,1.11,normal,bug_bite,psybeam,TW4  7PD
staryu,225,25,36.39,normal,0.73,normal,quick_attack,bubble_beam,BR5  1RB
spearow,221,43,1.05,extra_small,0.24,normal,quick_attack,drill_peck,CH49 3QA
rattata,154,31,4.71,extra_large,0.34,normal,tackle,body_slam,TR18 2AJ
caterpie,10,10,3.5,normal,0.32,normal,tackle,struggle,WN8  0AF
rattata,172,30,3.57,normal,0.3,normal,tackle,body_slam,ST6  1AY
dratini,316,40,3.13,normal,1.91,normal,dragon_breath,aqua_tail,PL19 9LQ
drowzee,329,56,32.35,normal,1.05,normal,pound,psybeam,W13  9AE
weedle,10,10,2.01,extra_small,0.28,normal,poison_sting,struggle,RG4  6UT
weedle,112,41,2.43,normal,0.28,normal,bug_bite,struggle,OX29 6TN
goldeen,326,50,11.53,normal,0.52,normal,mud_shot,aqua_tail,SO50 9ST
zubat,79,26,6.39,normal,0.77,normal,quick_attack,air_cutter,RG6  7JD
rattata,173,28,3.69,normal,0.28,normal,quick_attack,hyper_fang,SY13 1DD
rattata,91,22,1.88,extra_small,0.24,normal,tackle,body_slam,CH1  5HB
pidgey,199,41,2.36,extra_small,0.33,normal,quick_attack,twister,SG18 0JE
pidgey,93,30,2.24,normal,0.32,normal,tackle,twister,YO17 7JF
raticate,183,35,26.32,extra_large,0.76,normal,quick_attack,hyper_fang,AL1  1SD
meowth,130,29,4.03,normal,0.37,normal,bite,body_slam,TW12 1EW
drowzee,281,53,31.7,normal,1.01,normal,pound,psyshock,L10  9LH
rattata,138,27,4.24,normal,0.35,normal,quick_attack,hyper_fang,LL19 9AP
drowzee,138,38,34.61,normal,1.03,normal,confusion,psyshock,UB6  9EP
drowzee,296,56,33.59,normal,1.03,normal,pound,psybeam,ME5  9RH
rattata,35,14,3.07,normal,0.27,normal,tackle,dig,TR16 5AE
magikarp,83,27,6.54,extra_small,0.75,normal,splash,struggle,L40  2QP
drowzee,213,49,31.69,normal,1.01,normal,pound,psybeam,BN11 3RF
drowzee,44,21,41.36,extra_large,1.09,normal,confusion,psyshock,CR0  8HG
rattata,76,19,3.84,normal,0.3,normal,tackle,hyper_fang,AL6  9RD
zubat,151,34,9.53,extra_large,0.82,normal,bite,air_cutter,NE20 9AX
spearow,242,43,1.85,normal,0.27,normal,quick_attack,twister,NN17 2BJ
electabuzz,523,56,31.83,normal,1.15,normal,thunder_shock,thunderbolt,HP3  9BZ
rattata,37,14,3.72,normal,0.28,normal,quick_attack,hyper_fang,WF3  4PS
weedle,36,24,3.11,normal,0.32,normal,bug_bite,struggle,BN13 2LZ
weedle,117,41,2.24,extra_small,0.24,normal,poison_sting,struggle,PO9  3TB
weedle,10,10,3.83,normal,0.31,normal,bug_bite,struggle,SY1  3BY
horsea,114,21,8.38,normal,0.41,normal,water_gun,bubble_beam,SK3  8DN
drowzee,212,45,23.75,extra_small,0.92,normal,confusion,psyshock,TN13 2RJ
spearow,108,29,2.32,normal,0.33,normal,peck,twister,TN31 7TF
rattata,50,18,3.22,normal,0.28,normal,quick_attack,dig,RG27 9NW
pidgey,198,43,1.2,extra_small,0.24,normal,tackle,twister,NE45 5QA
zubat,65,24,8.22,normal,0.85,normal,quick_attack,air_cutter,PL14 4RN
staryu,154,23,18.76,extra_small,0.59,extra_small,water_gun,bubble_beam,HP17 8RG
nidoran_female,97,32,8.11,normal,0.41,normal,bite,sludge_bomb,GU12 6AN
rattata,23,11,1.52,extra_small,0.22,extra_small,tackle,dig,BH4  9LF
pidgey,44,20,2.59,extra_large,0.37,normal,quick_attack,aerial_ace,NE6  4DJ
pidgey,90,27,1.71,normal,0.29,normal,tackle,twister,HP14 3TY
staryu,11,10,18.91,extra_small,0.68,normal,water_gun,power_gem,CH44 6QG
jigglypuff,156,80,6.83,normal,0.55,normal,pound,play_rough,EX16 6TA
pidgey,90,26,2.31,extra_large,0.31,normal,quick_attack,twister,CT7  0DY
pidgey,10,10,1.97,normal,0.3,normal,quick_attack,aerial_ace,ST8  7NF
zubat,25,13,9.02,normal,0.91,normal,quick_attack,air_cutter,M33  4JL
rattata,10,10,3.86,normal,0.32,normal,tackle,dig,SR8  1NF
zubat,137,34,5.22,extra_small,0.71,normal,bite,sludge_bomb,OX13 5EA
rattata,101,25,3.57,normal,0.27,normal,quick_attack,body_slam,B97  5TB
poliwhirl,415,62,18.71,normal,0.94,normal,bubble,mud_bomb,BD2  3EY
pinsir,527,55,51.39,normal,1.55,normal,fury_cutter,vice_grip,NR23 1EU
weedle,82,30,2.86,normal,0.31,normal,poison_sting,struggle,BL4  0PY
bulbasaur,420,51,7.51,normal,0.74,normal,tackle,power_whip,CM20 3PD
onix,299,38,192.45,normal,9.52,normal,tackle,iron_head,S73  0YG
gastly,118,22,0.05,extra_small,0.98,normal,lick,sludge_bomb,M24  2FH
magnemite,311,25,5.47,normal,0.29,normal,thunder_shock,discharge,M7   4JT
magikarp,31,15,14.27,extra_large,1,normal,splash,struggle,CB6  2SJ
squirtle,11,10,13.25,extra_large,0.56,normal,bubble,water_pulse,DN11 0TF
nidoran_male,291,50,8.24,normal,0.51,normal,poison_sting,body_slam,LN9  5RN
weedle,83,31,2.59,normal,0.26,normal,poison_sting,struggle,CF5  2FQ
pidgey,148,36,1.61,normal,0.3,normal,tackle,air_cutter,HD7  4NY
rattata,23,11,2.59,extra_small,0.26,normal,quick_attack,dig,NR19 1PG
zubat,123,31,9.73,extra_large,0.95,normal,bite,poison_fang,LD3  0UP
pidgeotto,449,70,34.23,normal,1.26,normal,wing_attack,air_cutter,DL11 6EL
pidgey,56,20,1.71,normal,0.3,normal,tackle,twister,MK41 9TU
rattata,102,24,4.55,extra_large,0.33,normal,tackle,hyper_fang,NP22 4QT
raticate,99,25,24.9,extra_large,0.76,normal,quick_attack,dig,SK7  5HG
spearow,254,45,1.4,extra_small,0.25,normal,peck,aerial_ace,SY4  4JH
rattata,33,12,4.47,extra_large,0.31,normal,tackle,dig,LE15 7PS
pidgey,76,26,1.74,normal,0.29,normal,tackle,air_cutter,TW19 7DZ
spearow,200,37,1.66,normal,0.26,normal,quick_attack,drill_peck,SG4  8XN
spearow,128,32,2.74,extra_large,0.34,normal,peck,drill_peck,BA22 8RE
weedle,10,10,2.08,extra_small,0.25,normal,bug_bite,struggle,PO16 9HA
pidgey,77,24,1.37,normal,0.24,normal,tackle,aerial_ace,SA1  7HF
eevee,234,46,5.33,normal,0.3,normal,tackle,body_slam,BS4  3HJ
poliwag,30,14,15.23,normal,0.61,normal,bubble,bubble_beam,L36  0XX
rattata,52,17,4.02,normal,0.31,normal,quick_attack,dig,SW10 9AX
rattata,10,10,2.9,normal,0.29,normal,quick_attack,body_slam,PO16 9HU
rattata,198,35,3.36,normal,0.27,normal,quick_attack,dig,EX39 1NU
pidgey,73,23,2.39,extra_large,0.36,normal,quick_attack,twister,LE67 3AW
pidgey,143,37,2.43,extra_large,0.34,normal,quick_attack,aerial_ace,BN11 2BQ
spearow,199,38,2.08,normal,0.32,normal,peck,twister,DH1  5GT
jigglypuff,349,119,3.57,extra_small,0.42,normal,pound,disarming_voice,NG24 3FP
rattata,10,10,3.26,normal,0.29,normal,quick_attack,dig,DY6  9DW
krabby,204,27,8.06,normal,0.43,normal,mud_shot,bubble_beam,BS30 5ND
pidgey,256,46,0.82,extra_small,0.23,normal,tackle,twister,LN10 5ED
ponyta,485,53,26.68,normal,0.96,normal,tackle,fire_blast,SO24 0HN
dratini,298,42,4.4,extra_large,2.08,normal,dragon_breath,aqua_tail,DE6  1FB
ponyta,217,32,29.74,normal,0.99,normal,ember,fire_blast,LN1  2EP
pidgey,263,45,2.05,normal,0.33,normal,quick_attack,air_cutter,W5   4JW
rattata,10,10,3.09,normal,0.29,normal,quick_attack,hyper_fang,S62  7AP
drowzee,249,50,11.96,extra_small,0.62,extra_small,confusion,psychic,M26  2TT
gastly,28,10,0.13,extra_large,1.36,normal,sucker_punch,sludge_bomb,CA14 3LY
pidgey,24,13,1.44,normal,0.29,normal,tackle,twister,SK14 4QA
rattata,195,35,2.5,extra_small,0.3,normal,quick_attack,body_slam,EX13 5NG
rattata,138,30,3.37,normal,0.31,normal,tackle,body_slam,CF62 8AB
weedle,15,13,3.35,normal,0.3,normal,poison_sting,struggle,OL15 0DP
rattata,170,31,3.27,normal,0.25,normal,tackle,body_slam,BS5  6TS
rattata,21,10,4.53,extra_large,0.36,normal,tackle,dig,CF3  0NH
drowzee,131,35,26.53,normal,0.87,normal,confusion,psyshock,NP13 1LA
krabby,187,25,5.3,normal,0.39,normal,mud_shot,bubble_beam,CV33 9UA
weedle,27,18,3.06,normal,0.32,normal,poison_sting,struggle,B16  0LS
staryu,260,29,44.21,extra_large,0.85,normal,quick_attack,bubble_beam,LL22 7TG
goldeen,59,19,10.83,extra_small,0.54,normal,mud_shot,horn_attack,WN5  0HL
psyduck,44,19,23.41,normal,0.72,normal,zen_headbutt,psybeam,FY1  5AP
geodude,168,34,18.69,normal,0.39,normal,rock_throw,rock_slide,BR3  5HS
jynx,572,65,43.9,normal,1.52,normal,pound,draining_kiss,IP27 0JQ
staryu,112,19,28.08,normal,0.78,normal,water_gun,swift,ST16 3HD
krabby,76,18,8.05,normal,0.46,normal,bubble,water_pulse,HU17 7EN
drowzee,333,59,40.4,normal,0.98,normal,confusion,psychic,AL1  1PU
jigglypuff,10,22,4.92,normal,0.44,normal,feint_attack,disarming_voice,PE2  7WG
zubat,110,32,12.1,extra_large,0.96,normal,bite,sludge_bomb,SS9  5RA
jynx,72,23,37.74,normal,1.4,normal,pound,draining_kiss,N18  1PP
hypno,471,66,93,normal,1.76,normal,confusion,psychic,SA20 0UB
drowzee,403,62,31.22,normal,1.03,normal,pound,psyshock,PL15 8LX
zubat,10,10,3.58,extra_small,0.56,extra_small,quick_attack,sludge_bomb,HA8  0LZ
nidoran_male,152,36,13.52,extra_large,0.6,normal,peck,body_slam,MK42 7TH
jigglypuff,188,94,6.56,normal,0.52,normal,feint_attack,disarming_voice,CO3  3QX
staryu,144,23,50.42,extra_large,0.97,normal,quick_attack,swift,DY13 9SU
drowzee,213,46,25.17,normal,0.85,normal,pound,psychic,B60  2LF
caterpie,50,28,2.52,normal,0.31,normal,bug_bite,struggle,WR5  2NA
magikarp,23,10,6.98,extra_small,0.78,normal,splash,struggle,CW3  9NQ
horsea,167,27,8.04,normal,0.41,normal,bubble,dragon_pulse,TS14 6TA
paras,355,41,5.46,normal,0.31,normal,scratch,x-scissor,CT18 7PU
poliwag,163,33,7.46,extra_small,0.56,normal,mud_shot,body_slam,CH63 7PX
slowpoke,175,60,29.29,normal,1.09,normal,water_gun,water_pulse,LN4  4EN
magikarp,10,10,9,normal,0.81,normal,splash,struggle,PL4  9AL
hypno,534,69,71.65,normal,1.56,normal,zen_headbutt,psychic,NP11 6BL
paras,292,37,3.36,extra_small,0.25,normal,bug_bite,x-scissor,GU21 5EA
pinsir,775,69,27.51,extra_small,1.27,normal,rock_smash,x-scissor,DT1  2JD
drowzee,357,63,53.36,extra_large,1.16,normal,confusion,psyshock,PR6  0EW
zubat,121,31,7.37,normal,0.8,normal,bite,poison_fang,GU23 6HT
exeggcute,464,68,0.72,extra_small,0.33,normal,confusion,seed_bomb,W1K  2RN
rattata,216,37,4.34,normal,0.33,normal,tackle,body_slam,SS8  9UN
caterpie,10,10,2.82,normal,0.29,normal,tackle,struggle,BL4  9SA
pidgey,199,40,1.56,normal,0.3,normal,quick_attack,aerial_ace,WS9  0TD
zubat,255,46,12.64,extra_large,1.06,extra_large,quick_attack,poison_fang,FY5  4EL
pidgey,43,20,1.47,normal,0.28,normal,tackle,aerial_ace,TR18 4SH
rattata,97,22,4.33,normal,0.35,normal,tackle,hyper_fang,WS13 7SS
spearow,27,15,1.06,extra_small,0.26,normal,quick_attack,drill_peck,RG2  9NY
rattata,38,14,4.87,extra_large,0.35,normal,quick_attack,dig,PE21 7JA
spearow,10,10,1.98,normal,0.33,normal,quick_attack,drill_peck,SO22 6JZ
pidgey,24,13,1.87,normal,0.32,normal,tackle,aerial_ace,HA9  8HX
drowzee,253,51,40.57,extra_large,1.06,normal,confusion,psyshock,RG17 0QN
poliwhirl,308,53,15.36,normal,0.88,normal,bubble,mud_bomb,GU34 2JF
drowzee,316,55,23.14,extra_small,0.96,normal,confusion,psyshock,BD19 3PP
bellsprout,389,50,3.4,normal,0.66,normal,vine_whip,wrap,N17  9DD
magikarp,50,17,10.67,normal,0.91,normal,splash,struggle,HP11 1SE
gyarados,955,94,176.98,normal,5.58,normal,bite,hydro_pump,SE15 1SB
drowzee,379,64,22.39,extra_small,0.83,normal,confusion,psyshock,ST1  3HJ
zubat,263,48,8.71,normal,0.77,normal,quick_attack,sludge_bomb,E1   4XH
zubat,221,43,8.36,normal,0.82,normal,bite,poison_fang,RM12 6PJ
zubat,54,20,7.58,normal,0.76,normal,bite,air_cutter,WR13 6DP
shellder,294,32,3.86,normal,0.33,normal,tackle,icy_wind,SN8  3EJ
spearow,167,36,2.31,normal,0.35,normal,peck,twister,WV14 0HP
rattata,111,25,2.02,extra_small,0.24,normal,tackle,dig,M46  9LD
pidgey,169,35,1.53,normal,0.24,normal,quick_attack,air_cutter,DL8  1TQ
spearow,102,29,1.92,normal,0.3,normal,quick_attack,aerial_ace,NR30 5JZ
drowzee,261,52,27.82,normal,0.9,normal,pound,psychic,ST18 0SR
pidgey,135,32,2.99,extra_large,0.38,extra_large,tackle,aerial_ace,SK7  5QN
eevee,328,53,8.93,extra_large,0.33,normal,tackle,body_slam,M23  0BN
pidgeot,667,82,37.76,normal,1.39,normal,wing_attack,aerial_ace,HU7  4QW
krabby,224,29,4.83,extra_small,0.32,normal,mud_shot,water_pulse,TQ1  4RH
magikarp,10,10,9.85,normal,0.85,normal,splash,struggle,IP7  5HF
magikarp,44,17,19.81,normal,0.87,normal,splash,struggle,YO24 4QJ
staryu,318,33,30.65,normal,0.82,normal,water_gun,swift,OL12 8XH
pidgey,186,39,2.4,extra_large,0.33,normal,quick_attack,air_cutter,PL5  2DY
seadra,160,28,18.66,extra_small,1.14,normal,water_gun,blizzard,DN4  6BT
drowzee,164,40,27.05,normal,0.93,normal,confusion,psyshock,SA14 9BE
magikarp,10,10,9.16,normal,0.91,normal,splash,struggle,LS21 2QG
shellder,67,15,5.18,extra_large,0.35,normal,tackle,water_pulse,NR21 9HW
psyduck,191,39,18.16,normal,0.73,normal,water_gun,aqua_tail,DL8  3SG
dratini,357,40,2.77,normal,1.49,normal,dragon_breath,twister,BB18 6EA
magikarp,55,19,6.55,extra_small,0.86,normal,splash,struggle,DH3  1HY
slowpoke,15,18,47.11,extra_large,1.29,normal,confusion,water_pulse,EX13 8SR
koffing,338,40,1,normal,0.63,normal,tackle,sludge,RH12 4ER
caterpie,62,31,3.87,extra_large,0.36,normal,tackle,struggle,B78  3LJ
spearow,150,35,1.83,normal,0.27,normal,peck,twister,WV10 6RQ
rattata,212,35,2.39,extra_small,0.26,normal,quick_attack,body_slam,SA8  4DD
pidgey,266,48,1.95,normal,0.32,normal,tackle,twister,SA4  3PJ
staryu,178,24,40.24,normal,0.82,normal,quick_attack,bubble_beam,TN21 8EB
rattata,92,24,4.21,normal,0.31,normal,tackle,dig,HU4  6DR
pidgey,137,32,1.95,normal,0.33,normal,tackle,twister,HA5  1PL
goldeen,391,51,12.83,normal,0.53,normal,peck,water_pulse,M40  7PR
spearow,257,43,2.24,normal,0.32,normal,quick_attack,twister,SY5  6EY
rattata,141,31,3.39,normal,0.3,normal,quick_attack,hyper_fang,BD9  4AZ
meowth,94,25,2.65,extra_small,0.36,normal,scratch,night_slash,SE3  9RA
drowzee,73,26,45.34,extra_large,1.16,normal,confusion,psybeam,LS8  3LJ
nidoran_male,225,43,9.69,normal,0.54,normal,peck,sludge_bomb,SN8  4DP
magikarp,10,10,12.18,normal,1.01,normal,splash,struggle,SS3  9YZ
rattata,214,37,3.8,normal,0.32,normal,quick_attack,body_slam,NE29 7NG
magikarp,54,16,10.5,normal,0.97,normal,splash,struggle,RH6  7EZ
gastly,236,30,0.07,extra_small,1.09,normal,lick,sludge_bomb,SK8  6PS
staryu,36,10,27.73,normal,0.78,normal,water_gun,swift,OL10 1AU
pidgey,41,19,1.38,normal,0.27,normal,quick_attack,aerial_ace,NG8  3NW
rattata,208,34,2.65,normal,0.28,normal,tackle,dig,M27  6PZ
pidgey,25,15,1.86,normal,0.31,normal,quick_attack,twister,BN3  5QG
pidgey,42,19,1.61,normal,0.3,normal,tackle,aerial_ace,NE65 9AR
rattata,64,17,2.7,normal,0.23,normal,quick_attack,body_slam,DN41 8RB
pidgey,56,20,2.01,normal,0.32,normal,tackle,air_cutter,LA3  2SB
pidgeotto,311,56,27.01,normal,0.91,normal,steel_wing,twister,LN10 5HJ
psyduck,221,37,21.75,normal,0.94,normal,zen_headbutt,aqua_tail,E3   2AG
bellsprout,433,59,6.67,extra_large,0.84,normal,acid,power_whip,L8   6TX
jynx,618,69,55.17,extra_large,1.56,normal,frost_breath,psyshock,GL7  3DQ
goldeen,12,10,14.16,normal,0.61,normal,peck,aqua_tail,HU9  3BD
poliwag,166,35,11.18,normal,0.62,normal,mud_shot,body_slam,CH45 8JQ
pidgey,126,34,2.05,normal,0.3,normal,quick_attack,air_cutter,L35  8NX
spearow,210,39,1.76,normal,0.28,normal,quick_attack,twister,LS27 0AP
drowzee,43,21,20.38,extra_small,0.88,normal,pound,psychic,LS10 4AL
jigglypuff,33,39,7.14,extra_large,0.58,normal,pound,body_slam,LS15 7SL
poliwag,154,32,9.99,normal,0.53,normal,mud_shot,body_slam,NR14 6SR
shellder,269,31,2.73,extra_small,0.29,normal,tackle,icy_wind,EN9  3RB
psyduck,422,58,18.52,normal,0.72,normal,zen_headbutt,psybeam,TF12 5LY
goldeen,191,37,14.61,normal,0.61,normal,peck,horn_attack,SY9  5EZ
psyduck,332,52,23.38,normal,0.81,normal,zen_headbutt,aqua_tail,CT19 4AN
zubat,21,35,9.76,extra_large,0.85,normal,bite,sludge_bomb,BN24 6SG
pidgey,175,39,1.34,extra_small,0.25,normal,quick_attack,twister,WA8  6JS
zubat,104,32,6.96,normal,0.74,normal,bite,poison_fang,SE3  0PN
weedle,54,29,3.63,normal,0.33,normal,bug_bite,struggle,SA2  7DZ
drowzee,13,12,21.13,extra_small,0.8,normal,pound,psyshock,CW12 2BX
gastly,318,38,0.09,normal,1.15,normal,lick,ominous_wind,L23  3DF
caterpie,143,50,2.17,extra_small,0.27,normal,bug_bite,struggle,HX3  8BP
zubat,191,39,4.92,extra_small,0.73,normal,quick_attack,air_cutter,UB4  0RZ
spearow,241,42,2.52,extra_large,0.34,normal,quick_attack,aerial_ace,FY3  7LF
horsea,307,35,8.13,normal,0.41,normal,water_gun,dragon_pulse,M27  8QT
jigglypuff,56,51,5.55,normal,0.49,normal,feint_attack,play_rough,TR1  3UD
rattata,123,26,4.63,extra_large,0.32,normal,quick_attack,dig,NW6  2AG
zubat,197,40,5.14,extra_small,0.72,normal,quick_attack,poison_fang,EX1  1DP
voltorb,344,49,11.64,normal,0.49,normal,tackle,discharge,CR7  7DQ
zubat,57,24,9.61,extra_large,0.89,normal,bite,sludge,CO10 0QF
horsea,244,31,6.93,normal,0.38,normal,water_gun,bubble_beam,B48  7AE
koffing,303,37,1.03,normal,0.57,normal,tackle,sludge_bomb,S74  0PT
zubat,57,24,8.12,normal,0.76,normal,bite,poison_fang,SL9  0QP
rattata,35,14,6.04,extra_large,0.38,extra_large,tackle,dig,L26  9YQ
rattata,22,11,2.78,normal,0.24,normal,tackle,body_slam,B26  3RN
rattata,91,21,2.78,normal,0.3,normal,tackle,hyper_fang,BN22 0UH
pidgey,233,44,1.56,normal,0.3,normal,tackle,aerial_ace,EX6  7JL
pidgey,229,43,0.85,extra_small,0.22,extra_small,quick_attack,air_cutter,BB12 0NQ
spearow,64,23,2.06,normal,0.28,normal,quick_attack,drill_peck,ST1  2NZ
magnemite,325,31,6.12,normal,0.3,normal,thunder_shock,thunderbolt,CB24 9HJ
rattata,154,28,5.67,extra_large,0.38,extra_large,quick_attack,hyper_fang,CV6  3EQ
spearow,28,15,2.74,extra_large,0.37,normal,peck,drill_peck,NG15 7NU
gastly,10,10,0.08,normal,1.21,normal,lick,sludge_bomb,M27  0BD
rattata,34,13,3.81,normal,0.32,normal,tackle,hyper_fang,PO30 3AT
pidgey,166,39,1.63,normal,0.27,normal,quick_attack,twister,PE29 6HH
zubat,161,37,4.17,extra_small,0.74,normal,bite,poison_fang,LN4  2RB
pidgey,25,13,2.8,extra_small,0.35,normal,quick_attack,aerial_ace,BS11 9XE
golbat,139,35,39.03,extra_small,1.53,normal,wing_attack,poison_fang,M8   0AS
weedle,94,34,3.47,normal,0.32,normal,bug_bite,struggle,CV13 0QF
rattata,40,16,4.71,extra_large,0.34,normal,tackle,body_slam,M7   2AB
squirtle,313,48,9.56,normal,0.52,normal,tackle,water_pulse,W2   4EL
rattata,115,27,3.26,normal,0.28,normal,quick_attack,dig,LS11 5JH
spearow,295,48,2.54,extra_large,0.33,normal,quick_attack,aerial_ace,NG21 9JL
spearow,239,39,2.73,extra_large,0.35,normal,quick_attack,twister,HA6  2PG
weedle,158,43,2.94,normal,0.27,normal,poison_sting,struggle,GL2  4SG
pidgey,241,48,2.8,extra_large,0.37,normal,tackle,air_cutter,SS7  1JH
zubat,52,21,7.79,normal,0.86,normal,bite,sludge_bomb,LA1  2TJ
rattata,66,17,4.22,normal,0.32,normal,tackle,dig,TN29 0EW
rattata,186,32,3.65,normal,0.31,normal,quick_attack,body_slam,TW4  6EE
psyduck,72,22,22.98,normal,0.9,normal,water_gun,psybeam,N5   1JH
magikarp,85,23,5.28,extra_small,0.75,normal,splash,struggle,SW16 2BQ
slowpoke,402,87,32.31,normal,1.12,normal,confusion,psychic,SR8  3ET
pidgey,43,19,2.39,extra_large,0.35,normal,quick_attack,twister,HA4  9BL
jigglypuff,66,51,8.13,extra_large,0.6,normal,feint_attack,play_rough,SL2  3TR
pidgey,97,27,1.65,normal,0.31,normal,tackle,twister,NR21 9LZ
weedle,17,13,2.25,extra_small,0.22,extra_small,bug_bite,struggle,WF17 6HL
zubat,116,31,12.71,extra_large,0.96,normal,bite,air_cutter,RH12 5XE
grimer,495,86,23.21,normal,0.83,normal,mud_slap,mud_bomb,SA44 5DW
rattata,201,33,3.12,normal,0.29,normal,quick_attack,hyper_fang,RG41 4AP
pidgey,55,21,2.34,extra_large,0.33,normal,tackle,twister,RG40 4LP
zubat,10,10,6.86,normal,0.85,normal,bite,sludge_bomb,LN11 7NP
staryu,320,32,28.82,normal,0.72,normal,quick_attack,swift,BB4  6RN
spearow,10,10,1.94,normal,0.29,normal,quick_attack,drill_peck,LE67 9UX
pidgey,144,36,2.89,extra_large,0.37,normal,quick_attack,aerial_ace,OL4  1AA
pidgey,206,43,1.1,extra_small,0.24,normal,quick_attack,air_cutter,MK43 8LE
rattata,50,16,2.98,normal,0.25,normal,tackle,dig,SO43 7AL
pidgey,179,38,2.1,normal,0.31,normal,tackle,aerial_ace,WV6  0QS
rattata,219,37,2.43,extra_small,0.25,normal,tackle,dig,WA4  4AZ
pidgey,10,10,1.32,extra_small,0.28,normal,quick_attack,air_cutter,PO20 7BY
magikarp,67,19,15.48,extra_large,1.08,normal,splash,struggle,BN23 8HH
staryu,127,21,44.92,extra_large,0.85,normal,water_gun,swift,SE1  0UG
drowzee,137,39,27.3,normal,0.97,normal,pound,psybeam,LS12 1JG
drowzee,437,65,30.98,normal,0.96,normal,pound,psyshock,LN10 5DZ
magikarp,22,91,10.91,normal,0.84,normal,splash,struggle,CB7  5BS
psyduck,335,46,30.28,extra_large,0.99,normal,zen_headbutt,aqua_tail,RH10 8DX
drowzee,13,12,43.08,extra_large,1.19,normal,pound,psybeam,LU3  1JS
diglett,64,10,1.05,extra_large,0.23,normal,mud_shot,mud_bomb,L31  0BQ
staryu,60,13,27.96,normal,0.71,normal,quick_attack,power_gem,S63  0HQ
staryu,61,14,48.56,extra_large,0.95,normal,water_gun,swift,CB23 3QH
drowzee,284,54,19.51,extra_small,0.8,normal,pound,psybeam,ST7  4XN
horsea,104,21,8.84,normal,0.41,normal,water_gun,bubble_beam,CF37 2SJ
poliwag,153,30,12.17,normal,0.58,normal,mud_shot,bubble_beam,HP1  1NP
krabby,181,26,8.58,extra_large,0.42,normal,mud_shot,water_pulse,NE25 8XS
pidgey,303,50,1.6,normal,0.26,normal,quick_attack,twister,SW1W 8QH
drowzee,245,52,38.46,normal,1.13,normal,confusion,psyshock,BA21 5NJ
koffing,440,43,0.93,normal,0.53,normal,acid,sludge_bomb,LS8  4DB
horsea,325,38,10.36,extra_large,0.45,normal,water_gun,dragon_pulse,PL3  4NR
metapod,132,52,7.01,extra_small,0.68,normal,bug_bite,struggle,WN2  2SS
pidgey,185,37,1.43,normal,0.28,normal,quick_attack,air_cutter,S2   1JE
zubat,176,40,8.8,normal,0.92,normal,quick_attack,air_cutter,PR5  0JQ
pidgey,172,42,1.04,extra_small,0.23,normal,quick_attack,aerial_ace,IP17 2AZ
pidgey,241,45,2.07,normal,0.31,normal,tackle,aerial_ace,SW3  4HQ
shellder,115,19,5.16,extra_large,0.33,normal,tackle,water_pulse,BD9  4RZ
pidgey,120,32,1.96,normal,0.3,normal,quick_attack,twister,NE8  4EN
rattata,107,22,3.65,normal,0.29,normal,tackle,dig,BL5  2BE
krabby,76,16,4.97,normal,0.35,normal,mud_shot,bubble_beam,LL19 7BS
magmar,865,69,51.83,normal,1.31,normal,ember,fire_blast,NE46 3AB
pidgey,39,18,2.39,extra_large,0.32,normal,quick_attack,twister,PL11 2JR
spearow,294,47,2.32,normal,0.31,normal,quick_attack,twister,NR20 3SX
pidgey,78,27,2.66,extra_large,0.37,normal,quick_attack,air_cutter,GU33 6ET
zubat,10,10,9.63,extra_large,0.88,normal,quick_attack,sludge_bomb,NE65 8JT
zubat,170,40,5.43,extra_small,0.76,normal,quick_attack,poison_fang,PE13 3BA
psyduck,42,18,18.04,normal,0.77,normal,zen_headbutt,cross_chop,BN27 1EJ
poliwag,135,28,18.02,extra_large,0.69,normal,mud_shot,body_slam,NP4  8EB
psyduck,13,10,23.94,normal,0.86,normal,water_gun,aqua_tail,BD18 2PJ
slowpoke,383,88,35.68,normal,1.15,normal,confusion,water_pulse,TN11 8QH
drowzee,159,40,31.68,normal,1.01,normal,pound,psybeam,RH19 3ER
drowzee,274,50,26.47,normal,0.95,normal,confusion,psyshock,CV9  1RE
pidgey,108,30,1.49,normal,0.28,normal,quick_attack,aerial_ace,LE17 6LE
gastly,240,31,0.11,normal,1.31,normal,sucker_punch,dark_pulse,M46  9NF
drowzee,369,63,23.23,extra_small,0.83,normal,confusion,psybeam,WS7  2BA
spearow,79,25,1.42,extra_small,0.25,normal,peck,aerial_ace,EN2  9AF
magikarp,112,28,12.61,extra_large,0.96,normal,splash,struggle,WA5  3JT
squirtle,393,53,10.92,normal,0.52,normal,bubble,aqua_jet,EN11 8DQ
pidgey,74,26,2.18,normal,0.29,normal,tackle,air_cutter,ST3  4LJ
drowzee,478,66,45.58,extra_large,1.15,normal,confusion,psyshock,PR2  7AE
pidgey,179,41,0.99,extra_small,0.26,normal,quick_attack,air_cutter,PE33 0AH
pidgey,91,30,2.72,extra_large,0.35,normal,tackle,air_cutter,CV37 9UW
spearow,300,50,3.13,extra_large,0.34,normal,quick_attack,twister,OX3  8RT
spearow,123,33,1.93,normal,0.27,normal,quick_attack,twister,TW16 5AN
drowzee,491,72,29.77,normal,0.9,normal,pound,psyshock,CT21 5PZ
voltorb,320,45,7.12,extra_small,0.37,extra_small,spark,signal_beam,BD4  0EA
slowpoke,48,32,35.5,normal,1.15,normal,confusion,psyshock,DY8  5DX
diglett,79,10,0.79,normal,0.2,normal,mud_shot,rock_tomb,BS4  4DW
poliwag,229,38,13.3,normal,0.65,normal,mud_shot,bubble_beam,HP10 0PX
drowzee,131,34,28.76,normal,0.92,normal,pound,psyshock,SA18 3SF
poliwhirl,542,71,24.49,normal,1.08,normal,bubble,bubble_beam,DE24 3DA
staryu,281,33,48.06,extra_large,0.93,normal,quick_attack,swift,RM16 4EL
zubat,10,10,8.12,normal,0.85,normal,bite,air_cutter,HU2  9PD
horsea,117,19,10.05,extra_large,0.42,normal,water_gun,dragon_pulse,SA1  6PU
drowzee,103,32,21.22,extra_small,0.87,normal,confusion,psychic,M22  8HB
pidgey,274,49,1.95,normal,0.32,normal,quick_attack,twister,W1H  1NG
spearow,167,36,2.61,extra_large,0.3,normal,peck,drill_peck,NN6  6EB
jynx,176,37,34.66,normal,1.33,normal,pound,psyshock,TR7  2HL
magmar,936,70,40.36,normal,1.16,normal,karate_chop,flamethrower,DH6  2EY
magmar,396,47,20.79,extra_small,0.96,extra_small,karate_chop,fire_blast,LA14 4HA
magmar,600,59,54.08,normal,1.36,normal,ember,flamethrower,MK15 8AR
magmar,29,12,55.89,extra_small,1.52,normal,ember,fire_blast,SG4  9HR
drowzee,317,58,33.25,normal,1.04,normal,confusion,psybeam,NW9  5UH
machop,358,69,18.29,normal,0.83,normal,low_kick,brick_break,BS3  1WS
golbat,744,80,64.55,normal,1.64,normal,bite,ominous_wind,KT6  5AR
psyduck,453,61,14.4,extra_small,0.76,normal,zen_headbutt,cross_chop,FY4  3PT
zubat,172,37,6.43,normal,0.68,normal,quick_attack,air_cutter,NE32 3UF
paras,58,17,3.37,extra_small,0.26,normal,scratch,cross_poison,BR1  2FH
pidgey,76,27,2.14,normal,0.3,normal,tackle,air_cutter,SO21 1PD
zubat,210,40,7.19,normal,0.77,normal,bite,sludge_bomb,CO7  0PS
drowzee,283,53,37.03,normal,1.09,normal,pound,psychic,E13  0PX
nidoran_male,10,10,10.83,normal,0.58,normal,peck,sludge_bomb,WV6  9HT
gastly,295,34,0.13,extra_large,1.34,normal,lick,dark_pulse,SA44 6RE
rattata,192,29,3.16,normal,0.33,normal,tackle,dig,EX20 2HZ
rattata,217,38,3.22,normal,0.31,normal,quick_attack,body_slam,N18  2QS
magikarp,72,23,8.52,normal,0.84,normal,splash,struggle,W1U  2BF
goldeen,320,46,8.6,normal,0.51,normal,peck,aqua_tail,WV4  4RU
slowpoke,206,62,38.09,normal,1.13,normal,confusion,psyshock,TN29 9PS
magikarp,95,24,9.65,normal,1.01,normal,splash,struggle,SK9  6AR
poliwag,87,23,12.38,normal,0.6,normal,mud_shot,bubble_beam,NP19 9SU
poliwag,143,31,12.2,normal,0.55,normal,mud_shot,bubble_beam,WA7  4YD
caterpie,75,38,3.42,normal,0.29,normal,bug_bite,struggle,SE3  9DG
goldeen,396,52,10.63,extra_small,0.55,normal,mud_shot,horn_attack,LA9  5SB
pidgey,250,45,1.11,extra_small,0.24,normal,quick_attack,twister,BS16 3JB
drowzee,421,65,55.2,extra_large,1.26,extra_large,pound,psybeam,CV36 5PL
pidgey,254,44,0.82,extra_small,0.21,extra_small,tackle,aerial_ace,PL5  1UH
rattata,246,40,3.9,normal,0.33,normal,tackle,dig,YO16 4BG
raticate,268,42,15.06,normal,0.56,normal,bite,hyper_beam,ST5  8EU
shellder,216,29,3.36,normal,0.26,normal,tackle,water_pulse,SA10 9BB
jigglypuff,289,111,5.02,normal,0.44,normal,feint_attack,play_rough,E10  5HR
psyduck,365,49,19.71,normal,0.81,normal,water_gun,psybeam,NR12 9HR
drowzee,128,38,20.73,extra_small,0.78,normal,confusion,psyshock,ME15 6LQ
drowzee,454,65,43.89,extra_large,1.24,normal,pound,psychic,EN7  5AR
staryu,12,10,22.53,extra_small,0.7,normal,quick_attack,bubble_beam,WC2N 5AP
magikarp,39,16,11.67,normal,0.91,normal,splash,struggle,HP14 3JA
goldeen,400,53,15.93,normal,0.59,normal,peck,aqua_tail,NN3  9TW
magikarp,39,14,11.96,normal,0.95,normal,splash,struggle,B34  6EA
staryu,35,10,27.01,normal,0.77,normal,quick_attack,power_gem,PR6  8RJ
staryu,391,40,46.6,extra_large,0.92,normal,quick_attack,bubble_beam,WS3  5AD
gastly,46,13,0.07,extra_small,1.24,normal,sucker_punch,ominous_wind,CB21 5ES
drowzee,124,36,41.82,extra_large,1.05,normal,pound,psyshock,TS26 8AW
drowzee,312,54,27.18,normal,0.89,normal,confusion,psyshock,HP17 8AW
spearow,119,31,1.48,extra_small,0.25,normal,quick_attack,drill_peck,BL8  2LG
rattata,21,11,4.49,extra_large,0.32,normal,quick_attack,body_slam,KT11 3LY
pidgey,106,29,2.63,extra_large,0.36,normal,quick_attack,twister,CR2  8HT
pidgey,78,27,1.85,normal,0.28,normal,quick_attack,aerial_ace,BB11 5BF
pidgey,55,20,2.95,extra_large,0.39,extra_large,quick_attack,air_cutter,IG9  5TT
tentacool,83,23,69.19,extra_large,1.14,normal,bubble,water_pulse,YO21 3NF
zubat,112,30,2.31,extra_small,0.52,extra_small,quick_attack,poison_fang,S10  5PN
drowzee,413,63,26,normal,0.87,normal,pound,psybeam,NP7  5EU
rattata,112,27,3.37,normal,0.32,normal,tackle,hyper_fang,NW5  1DB
rattata,129,29,2.1,extra_small,0.26,normal,tackle,dig,RH11 9JG
eevee,44,19,9.82,extra_large,0.34,normal,tackle,dig,BB1  4NA
rattata,154,27,3.45,normal,0.3,normal,tackle,body_slam,W1U  6DE
spearow,82,24,2.06,normal,0.3,normal,quick_attack,aerial_ace,HD5  8QY
pidgey,90,29,1.81,normal,0.27,normal,tackle,aerial_ace,LE2  3NG
hypno,462,63,95.16,extra_large,1.67,normal,zen_headbutt,psychic,IP13 7DU
magikarp,112,28,10.08,normal,0.87,normal,splash,struggle,NG5  4PU
tentacool,254,39,65.36,extra_large,1.01,normal,poison_sting,wrap,TR10 8QY
poliwag,186,33,14.85,normal,0.64,normal,mud_shot,mud_bomb,PE36 6JU
rattata,213,32,3.4,normal,0.3,normal,quick_attack,dig,NE10 8JH
poliwag,274,47,12.22,normal,0.62,normal,bubble,mud_bomb,TS21 3HN
poliwag,153,33,13.5,normal,0.67,normal,mud_shot,bubble_beam,M20  6FT
pidgey,10,10,2.69,normal,0.37,normal,quick_attack,aerial_ace,TS5  8PB
abra,101,20,17.18,normal,0.85,normal,zen_headbutt,shadow_ball,IP6  9TN
krabby,209,29,3.28,normal,0.34,normal,mud_shot,water_pulse,AL6  0HE
ponyta,331,42,27.56,normal,0.95,normal,ember,flame_wheel,SM4  4ET
raticate,103,26,22.73,normal,0.78,normal,quick_attack,dig,IG10 3BX
venonat,324,61,19.74,extra_small,0.82,normal,bug_bite,poison_fang,TR5  0ST
magmar,91,23,58.29,extra_large,1.25,normal,karate_chop,flamethrower,BD6  3JT
pidgey,151,34,1.5,normal,0.26,normal,quick_attack,twister,EX12 2RP
caterpie,198,55,2.5,normal,0.28,normal,tackle,struggle,PO8  9QP
magmar,991,73,31.13,extra_small,1.23,normal,karate_chop,flamethrower,GU16 8JZ
pidgey,109,27,1.85,normal,0.29,normal,quick_attack,air_cutter,DE24 0BJ
rattata,191,32,3.19,normal,0.3,normal,tackle,body_slam,S21  3UU
krabby,91,17,5.4,normal,0.38,normal,bubble,vice_grip,SY21 7JB
pidgey,302,54,1.77,normal,0.28,normal,quick_attack,aerial_ace,CW10 0AG
spearow,145,32,2.37,normal,0.33,normal,peck,aerial_ace,BS34 7NW
spearow,296,47,0.69,extra_small,0.22,extra_small,quick_attack,twister,CH7  6RU
rattata,55,18,3.29,normal,0.28,normal,quick_attack,dig,PO37 7AW
spearow,184,38,3.03,extra_large,0.38,extra_large,peck,drill_peck,CF31 4BZ
zubat,144,38,5.38,extra_small,0.66,normal,quick_attack,poison_fang,PL13 2AS
seel,549,85,73.41,normal,1.01,normal,ice_shard,aqua_tail,TS10 2QS
rattata,124,28,4.67,extra_large,0.34,normal,quick_attack,hyper_fang,PL9  9SF
drowzee,388,62,31.4,normal,1,normal,pound,psybeam,IP14 3LQ
rattata,148,29,3.57,normal,0.29,normal,quick_attack,hyper_fang,S65  3RP
rattata,65,17,3.86,normal,0.29,normal,tackle,dig,TS12 2QU
spearow,89,26,1.06,extra_small,0.22,extra_small,quick_attack,drill_peck,DT9  6JB
magnemite,314,30,4.35,extra_small,0.26,normal,thunder_shock,thunderbolt,EX31 4TA
pidgey,254,50,1.5,normal,0.27,normal,quick_attack,air_cutter,WD25 0NH
mr_mime,238,28,53.9,normal,1.17,normal,zen_headbutt,psybeam,SL4  3DL
krabby,278,31,5.02,normal,0.33,normal,mud_shot,water_pulse,M24  4DH
rattata,249,40,2.45,extra_small,0.28,normal,tackle,hyper_fang,GL51 7PE
rattata,195,35,2.94,normal,0.27,normal,tackle,hyper_fang,AL9  6DH
paras,455,41,5.31,normal,0.33,normal,bug_bite,cross_poison,BN27 4AF
pidgey,24,15,1.71,normal,0.29,normal,quick_attack,twister,CF14 4EA
rattata,143,31,4.04,normal,0.33,normal,quick_attack,hyper_fang,IP19 8SR
rattata,145,29,3.75,normal,0.31,normal,quick_attack,dig,MK14 5AS
rattata,10,10,2.43,extra_small,0.26,normal,quick_attack,body_slam,TW1  1PL
krabby,81,19,4.19,extra_small,0.42,normal,mud_shot,vice_grip,GU1  2EH
jynx,345,52,36.51,normal,1.5,normal,pound,psyshock,B92  0EB
drowzee,413,67,25.4,normal,0.95,normal,pound,psyshock,BS22 9BP
staryu,12,10,23.43,normal,0.7,normal,tackle,bubble_beam,NE20 9NE
goldeen,293,47,21.3,extra_large,0.65,normal,peck,aqua_tail,TA3  7SU
psyduck,431,53,15.52,normal,0.74,normal,water_gun,aqua_tail,OL16 3BY
cubone,468,61,7.22,normal,0.45,normal,rock_smash,bone_club,SS15 6GP
growlithe,620,66,21.31,normal,0.73,normal,ember,flamethrower,SW3  2LP
drowzee,550,76,36.81,normal,1.07,normal,confusion,psyshock,TQ1  3ST
staryu,170,25,31.35,normal,0.78,normal,water_gun,swift,CH2  2LS
shellder,217,29,4.42,normal,0.34,normal,ice_shard,water_pulse,GL53 9BN
caterpie,105,46,2.9,normal,0.28,normal,bug_bite,struggle,WN3  5TJ
gastly,49,12,0.13,extra_large,1.56,normal,sucker_punch,ominous_wind,PE7  1DE
magnemite,343,31,9.33,extra_large,0.35,normal,spark,discharge,CR8  5GA
metapod,132,51,8.11,normal,0.6,normal,bug_bite,struggle,ME9  9PW
pidgey,176,39,2.73,extra_large,0.37,normal,tackle,air_cutter,LL55 2EN
jynx,73,23,41.77,normal,1.4,normal,pound,psyshock,E17  9PE
drowzee,422,68,34.69,normal,1.07,normal,confusion,psychic,N11  1NT
magikarp,37,15,7.53,normal,0.81,normal,splash,struggle,TS25 3HZ
krabby,259,29,7.41,normal,0.41,normal,bubble,water_pulse,W1K  2SP
oddish,71,20,6.57,normal,0.52,normal,razor_leaf,sludge_bomb,HP21 9ER
drowzee,513,72,44.84,extra_large,1.18,normal,confusion,psyshock,CF36 3NA
squirtle,481,58,7.77,normal,0.47,normal,bubble,aqua_tail,NG5  5QS
pidgey,87,27,1.79,normal,0.33,normal,tackle,aerial_ace,PL2  2PN
rattata,211,36,2.38,extra_small,0.23,normal,quick_attack,dig,TA1  3ED
spearow,171,34,1.73,normal,0.3,normal,peck,drill_peck,LE16 8YX
spearow,175,36,2.19,normal,0.29,normal,quick_attack,twister,PE10 0LW
spearow,80,26,2.91,extra_large,0.33,normal,quick_attack,aerial_ace,PO30 1PS
rattata,132,29,3.79,normal,0.3,tackle,tackle,body_slam,DE6  3JS
shellder,218,30,4.28,normal,0.32,normal,ice_shard,icy_wind,DH1  5JN
geodude,477,56,30.62,extra_large,0.48,normal,rock_throw,rock_slide,NG25 0DG
pidgey,171,35,1.03,extra_small,0.25,normal,quick_attack,air_cutter,LS28 8HN
spearow,186,36,1.78,normal,0.3,normal,peck,drill_peck,HX2  0PG
krabby,378,36,6.43,normal,0.38,normal,mud_shot,water_pulse,SY16 2BL
drowzee,520,73,29.66,normal,1.04,normal,confusion,psychic,CV37 7NP
caterpie,212,53,1.84,extra_small,0.28,normal,bug_bite,struggle,W3   6TY
rattata,237,36,4.16,normal,0.31,normal,tackle,hyper_fang,BH18 9JY
spearow,156,33,2.13,normal,0.33,normal,quick_attack,aerial_ace,SE11 5QH
rattata,34,13,3.68,normal,0.31,normal,tackle,body_slam,LS8  4AS
drowzee,562,77,26.67,normal,0.92,normal,pound,psyshock,NG31 8DG
spearow,124,31,2.14,normal,0.32,normal,quick_attack,twister,HA3  0DY
pidgey,210,45,1.98,normal,0.3,normal,tackle,aerial_ace,DH8  5RS
spearow,96,28,3.08,extra_large,0.33,normal,peck,twister,IP1  6JE
spearow,238,43,2.77,extra_large,0.37,normal,peck,drill_peck,S72  9HS
rattata,242,33,3.72,normal,0.29,normal,tackle,body_slam,GL5  2HR
pidgey,39,18,1.78,normal,0.31,normal,quick_attack,twister,CH42 2AL
pidgeotto,240,49,31.84,normal,1.18,normal,wing_attack,aerial_ace,SN16 9JH
raticate,140,30,16.75,normal,0.66,normal,bite,hyper_fang,BH12 4EL
magikarp,48,17,12.03,normal,1,normal,splash,struggle,EX16 6WZ
weedle,125,39,2.9,normal,0.27,normal,poison_sting,struggle,RG27 8UF
slowbro,399,63,53.79,extra_small,1.37,normal,water_gun,ice_beam,N16  6PQ
venonat,44,22,33.43,normal,1.04,normal,bug_bite,poison_fang,TF1  1RH
bellsprout,628,68,3.84,normal,0.78,normal,vine_whip,sludge_bomb,CM15 9RB
goldeen,540,62,16.15,normal,0.62,normal,peck,aqua_tail,CV10 7PN
pinsir,88,23,26.68,extra_small,1.23,normal,rock_smash,submission,BH9  2LE
bulbasaur,125,26,7.3,normal,0.71,normal,vine_whip,power_whip,RH1  6EJ
horsea,56,15,9.65,normal,0.43,normal,bubble,bubble_beam,SA12 9PB
oddish,434,49,6.39,normal,0.56,normal,razor_leaf,sludge_bomb,TR18 2AZ
weedle,90,35,2.52,normal,0.28,normal,poison_sting,struggle,CT11 7DS
squirtle,129,28,7.07,normal,0.47,normal,bubble,water_pulse,ST14 8RA
psyduck,497,61,14.3,extra_small,0.65,normal,water_gun,cross_chop,LE12 8JE
paras,391,43,5.67,normal,0.3,normal,scratch,x-scissor,B67  5HT
eevee,13,10,6.45,normal,0.25,normal,tackle,body_slam,WN8  6AP
weedle,15,15,4.44,extra_large,0.36,normal,bug_bite,struggle,IP11 9JZ
meowth,89,26,3.99,normal,0.39,normal,bite,body_slam,N13  4UY
pinsir,739,67,75.16,extra_large,1.72,normal,fury_cutter,x-scissor,OL14 7PJ
eevee,229,43,8.63,extra_large,0.34,normal,tackle,body_slam,LS12 4DJ
abra,81,16,25.94,extra_large,1,normal,zen_headbutt,shadow_ball,DT3  6PB
koffing,364,38,0.99,normal,0.64,normal,tackle,sludge,LE65 1BA
chansey,328,291,39.74,normal,1.17,normal,pound,dazzling_gleam,WS14 0LH
ekans,206,35,11.57,extra_large,2.46,normal,acid,wrap,TD15 2LX
eevee,234,46,8.5,extra_large,0.34,normal,tackle,swift,LL29 8UF
clefairy,424,74,8.74,normal,0.62,normal,pound,moonblast,ME1  3NH
paras,496,47,7,extra_large,0.33,normal,bug_bite,seed_bomb,PO14 4SS
meowth,406,53,5.14,normal,0.41,normal,scratch,dark_pulse,LS17 0EX
eevee,419,61,4.23,extra_small,0.26,normal,quick_attack,dig,YO24 2SH
weedle,231,54,3.88,normal,0.36,normal,bug_bite,struggle,DN5  7SL
nidorino,285,48,16.1,normal,0.86,normal,poison_jab,horn_attack,E16  3JR
bellsprout,161,33,1.13,extra_small,0.39,extra_small,vine_whip,wrap,OL1  4DB
eevee,589,74,6.79,normal,0.3,normal,tackle,swift,MK16 8DP
eevee,108,30,5.58,normal,0.29,normal,tackle,body_slam,L9   0LE
ekans,160,29,5.35,normal,1.52,normal,acid,gunk_shot,CA10 1RF
pinsir,338,44,72.45,extra_large,1.73,normal,fury_cutter,x-scissor,HP4  3UJ
omanyte,14,10,6.85,normal,0.41,normal,mud_shot,rock_tomb,CV3  4FS
eevee,222,41,6.52,normal,0.32,normal,tackle,swift,SO19 6AL
eevee,195,40,6.02,normal,0.28,normal,tackle,swift,IP3  0EU
cubone,489,64,5.75,normal,0.4,normal,rock_smash,bulldoze,HG4  2AW
koffing,539,47,1.04,normal,0.56,normal,tackle,sludge,CV32 6NT
meowth,28,14,2.19,extra_small,0.32,normal,scratch,body_slam,BS16 9BD
electrode,775,71,57.65,normal,1.03,normal,spark,discharge,IP20 9HD
vulpix,362,45,11.01,normal,0.65,normal,ember,body_slam,N1   6DG
tangela,885,78,40.29,normal,1.1,normal,vine_whip,solar_beam,E6   5XT
magikarp,50,16,13.47,extra_large,1.07,normal,splash,struggle,EX31 3PW
magmar,963,75,42.48,normal,1.28,normal,ember,fire_blast,BS5  6LR
lapras,1636,161,162.88,extra_small,2.22,normal,ice_shard,dragon_pulse,CV7  7RD
charmander,520,52,9.23,normal,0.64,normal,ember,flame_burst,S81  8AZ
exeggute,449,67,3.5,extra_large,0.47,normal,confusion,psychic,TR7  1QB
kakuna,170,49,11.89,normal,0.65,normal,poison_sting,struggle,TN12 0BE
ekans,95,24,5.2,normal,1.93,normal,acid,gunk_shot,SR3  4DH
sandshrew,68,26,8.39,extra_small,0.53,normal,scratch,rock_tomb,TR18 4QX
clefairy,353,66,6.6,normal,0.48,normal,pound,disarming_voice,PO9  1AT
dratini,332,44,4.75,extra_large,1.99,normal,dragon_breath,twister,SG5  4GF
clefairy,531,80,9.51,extra_large,0.66,normal,zen_headbutt,disarming_voice,TW14 9LF
eevee,14,11,5.05,normal,0.25,normal,tackle,swift,HA5  4TT
jigglypuff,348,119,4.91,normal,0.47,normal,feint_attack,body_slam,DY2  7LA
clefairy,447,74,8.54,normal,0.61,normal,zen_headbutt,body_slam,TW20 0LS
meowth,10,10,5.26,extra_large,0.47,normal,scratch,body_slam,SE14 6HS
venomoth,77,13,10.72,normal,1.48,normal,bug_bite,poison_fang,WR4  0HL
clefairy,307,65,9.43,extra_large,0.61,normal,pound,body_slam,WA16 0TX
sandshrew,176,45,14.51,normal,0.7,normal,mud_shot,rock_slide,CV37 7DD
oddish,434,49,4.76,normal,0.47,normal,razor_leaf,moonblast,W10  4UX
rattata,128,26,2.96,normal,0.28,normal,tackle,dig,PL5  1QQ
pinsir,1184,84,68.13,normal,1.61,normal,rock_smash,vice_grip,SK17 7AF
weedle,140,42,3.26,normal,0.3,normal,bug_bite,struggle,SK14 3NJ
pidgey,274,51,2.12,normal,0.29,normal,tackle,aerial_ace,L11  1DS
metapod,92,45,13.37,extra_large,0.87,normal,bug_bite,struggle,UB2  5HY
exeggute,232,46,3.25,extra_large,0.44,normal,confusion,seed_bomb,LL18 4HW
rattata,80,21,3.36,normal,0.3,normal,tackle,hyper_fang,LE12 7JY
pidgey,124,30,1.68,normal,0.29,normal,tackle,aerial_ace,DN6  8GA
pidgey,94,28,1.66,normal,0.26,normal,tackle,twister,TN13 3AX
goldeen,122,26,20.77,extra_large,0.67,normal,peck,water_pulse,LU3  2HE
rattata,22,12,3.32,normal,0.28,normal,quick_attack,body_slam,DN40 1HH
pidgey,97,29,2.2,normal,0.35,normal,quick_attack,air_cutter,DA9  9QY
pidgey,279,46,2,normal,0.3,normal,quick_attack,air_cutter,ME19 6NJ
eevee,254,45,6.71,normal,0.3,normal,tackle,swift,SS8  9JQ
pidgey,226,43,2.45,extra_large,0.32,normal,tackle,air_cutter,SS2  4UX
venonat,42,22,24.22,normal,0.87,normal,confusion,psybeam,TF2  6PP
growlithe,624,66,24.43,extra_large,0.8,normal,bite,body_slam,DH6  4DJ
venonat,514,71,37.55,extra_large,1.1,normal,confusion,poison_fang,BD20 8SQ
pidgey,76,26,1.25,extra_small,2.5,normal,tackle,aerial_ace,GU24 9SJ
exeggute,488,67,3.64,extra_large,0.49,normal,confusion,psychic,S14  1SQ
eevee,160,35,7.01,normal,0.29,normal,tackle,body_slam,WA8  3HW
paras,35,12,6.04,normal,0.31,normal,bug_bite,seed_bomb,RG24 9SL
rattata,276,36,4.23,normal,0.33,normal,quick_attack,dig,NR13 3RP
golbat,26,15,63.55,normal,1.79,normal,bite,ominous_wind,SL9  7HL
spearow,244,43,1.46,extra_small,0.28,normal,peck,twister,TS3  0LU
weedle,157,47,3.04,normal,0.29,normal,bug_bite,struggle,DL3  8RH
magikarp,117,29,5.6,extra_small,0.76,normal,splash,struggle,CW5  8JX
zubat,346,56,5.05,extra_small,0.62,normal,bite,air_cutter,WF15 7HG
fearow,954,83,40.55,normal,1.2,normal,steel_wing,drill_run,CM3  4SA
pidgey,43,18,2.07,normal,0.3,normal,tackle,twister,DL1  3DX
eevee,572,74,7.97,normal,0.53,normal,tackle,swift,SS0  0PA
nidoran_female,142,42,4.2,extra_small,0.31,normal,poison_sting,poison_fang,OL9  6NW
seel,516,80,89.3,normal,1.06,normal,ice_shard,icy_wind,ME4  4JG
drowzee,75,29,14.21,extra_small,0.65,extra_small,pound,psybeam,AL1  5LY
psyduck,184,37,15.16,normal,0.74,normal,water_gun,aqua_tail,TA6  6SJ
doduo,475,50,23.67,extra_small,1.09,normal,quick_attack,aerial_ace,WD6  5NA
drowzee,406,66,43.36,extra_large,1.14,normal,pound,psybeam,EX15 3PB
gastly,285,33,0.13,extra_large,1.6,normal,lick,sludge_bomb,CO3  9BT
staryu,220,26,39.64,normal,0.82,normal,water_gun,bubble_beam,CB24 5PY
raticate,601,59,20.09,normal,0.69,normal,quick_attack,hyper_beam,ST7  4JE
jigglypuff,486,146,4.9,normal,0.44,normal,pound,disarming_voice,RG14 2RP
drowzee,212,49,30.78,normal,1.03,normal,confusion,psybeam,TA1  3AT
drowzee,479,68,21.778,extra_small,0.81,normal,confusion,psybeam,TW20 0LE
jynx,68,23,35.84,normal,1.41,normal,pound,psyshock,SK11 8DS
seel,309,63,101.42,normal,1.19,normal,lick,aqua_jet,E3   4QE
drowzee,465,71,39.89,normal,1.14,normal,confusion,psyshock,HP5  3NR
drowzee,74,28,38.48,normal,1.05,normal,pound,psybeam,BD4  6PF
zubat,249,45,11.39,extra_large,0.97,normal,bite,sludge_bomb,DA14 6LF
poliwag,381,49,9.79,normal,0.56,normal,mud_shot,body_slam,OX14 5PR
rattata,163,27,4.09,normal,0.32,normal,quick_attack,dig,L15  8HS
spearow,396,58,1.69,normal,0.3,normal,peck,twister,WD5  0GE
shellder,270,30,5.44,extra_large,0.35,normal,ice_shard,water_pulse,BR7  5RL
pidgey,178,38,3.12,extra_large,0.38,extra_large,quick_attack,aerial_ace,WN1  1XP
paras,353,38,5.87,normal,0.32,normal,bug_bite,cross_poison,GL20 6AL
horsea,149,26,5.03,extra_small,0.31,normal,bubble,dragon_pulse,WA2  0GN
magikarp,110,28,12.57,extra_large,0.95,normal,splash,struggle,NE12 5BR
magikarp,16,10,10.98,normal,0.89,normal,splash,struggle,RG21 4DB
psyduck,69,21,23.59,normal,0.91,normal,zen_headbutt,aqua_tail,LA3  1DG
geodude,32,15,35.32,extra_large,0.51,extra_large,tackle,rock_slide,S44  6QJ
drowzee,458,70,32.75,normal,1.09,normal,pound,psyshock,LA14 3AG
krabby,443,44,5.66,normal,0.35,normal,mud_shot,water_pulse,RM10 9LP
squirtle,130,28,9.89,normal,0.55,normal,bubble,aqua_tail,NN17 1NJ
drowzee,455,67,34.78,normal,1.06,normal,pound,psybeam,TN4  8LJ
snorlax,300,85,492.04,normal,2.11,normal,lick,body_slam,CF14 6PJ
drowzee,518,77,36.17,normal,1.07,normal,confusion,psyshock,SN3  3HD
paras,327,42,4.92,normal,0.29,normal,scratch,cross_poison,TN38 0NW
rattata,304,43,2.06,extra_small,0.23,normal,quick_attack,hyper_fang,L20  3TY
pidgey,232,40,3.01,extra_large,0.4,extra_large,quick_attack,twister,NG34 0PN
paras,254,33,6.87,extra_large,0.33,normal,bug_bite,seed_bomb,NE16 6JB
drowzee,348,58,40.37,normal,1.1,normal,confusion,psybeam,S42  5AF
gastly,391,38,0.08,normal,1.18,normal,lick,dark_pulse,M6   7JA
zubat,37,17,5.59,extra_small,0.74,normal,bite,poison_fang,CR0  5JW
drowzee,542,82,47.97,extra_large,1.22,normal,pound,psyshock,HU10 7LT
drowzee,276,54,26.28,normal,0.94,normal,pound,psybeam,GU32 3JT
omanyte,225,27,11.48,extra_large,0.47,normal,mud_shot,ancient_power,CB8  0QN
drowzee,613,78,39.03,normal,1,normal,pound,psybeam,ME8  0SE
nidoran_female,10,10,11.37,extra_large,0.48,normal,bite,sludge_bomb,B15  2LJ
bulbasaur,577,60,7.04,normal,0.65,normal,tackle,seed_bomb,SS0  0BJ
pidgey,95,25,1.56,normal,0.29,normal,quick_attack,air_cutter,SS2  6PX
magikarp,20,11,15.31,extra_large,1.11,normal,splash,struggle,FY8  4EP
squirtle,135,30,4.92,extra_small,0.45,normal,tackle,water_pulse,L24  2TN
squirtle,106,25,8.09,normal,0.47,normal,bubble,aqua_jet,LL24 0HD
horsea,119,21,4.62,extra_small,0.29,extra_small,bubble,bubble_beam,IP31 2AL
geodude,188,32,15.79,normal,0.38,normal,rock_throw,rock_slide,B65  8BX
electabuzz,962,74,39.04,extra_large,1.26,normal,low_kick,thunder,CV8  3AP
