species,combat_power,hit_points,weight_kg,weight_bin,height_m,height_bin,fast_attack,charge_attack,date_first_capture,time_first_capture
abra,101,20,17.18,normal,0.85,normal,zen_headbutt,shadow_ball,31 May 1977,20:59:33
abra,81,16,25.94,extra_large,1,normal,zen_headbutt,shadow_ball,24 February 1973,10:18:40
bellsprout,156,32,5.85,extra_large,0.8,normal,acid,sludge_bomb,21 June 1924,08:06:55
bellsprout,262,44,5.42,extra_large,0.82,normal,acid,sludge_bomb,01 August 1925,11:18:28
bellsprout,389,50,3.4,normal,0.66,normal,vine_whip,wrap,06 August 1952,21:11:42
bellsprout,433,59,6.67,extra_large,0.84,normal,acid,power_whip,17 January 1915,13:30:41
bellsprout,628,68,3.84,normal,0.78,normal,vine_whip,sludge_bomb,17 January 1913,06:53:21
bellsprout,161,33,1.13,extra_small,0.39,extra_small,vine_whip,wrap,15 November 1988,07:49:18
bulbasaur,135,29,10.09,extra_large,0.8,normal,tackle,sludge_bomb,12 August 1946,02:06:55
bulbasaur,420,51,7.51,normal,0.74,normal,tackle,power_whip,15 January 1933,22:27:35
bulbasaur,125,26,7.3,normal,0.71,normal,vine_whip,power_whip,05 January 1978,23:00:57
bulbasaur,P577,60,7.04,normal,0.65,normal,tackle,seed_bomb,17 June 1997,09:17:17
caterpie,13,15,1.72,extra_small,0.24,normal,bug_bite,struggle,20 April 1968,12:18:35
caterpie,10,10,3.5,normal,0.32,normal,tackle,struggle,20 March 2009,01:21:04
caterpie,50,28,2.52,normal,0.31,normal,bug_bite,struggle,07 November 1987,07:09:41
caterpie,10,10,2.82,normal,0.29,normal,tackle,struggle,09 June 1904,02:48:42
caterpie,62,31,3.87,extra_large,0.36,normal,tackle,struggle,25 September 1990,15:10:36
caterpie,143,50,2.17,extra_small,0.27,normal,bug_bite,struggle,20 March 1956,18:14:27
caterpie,75,38,3.42,normal,0.29,normal,bug_bite,struggle,22 April 1921,13:09:08
caterpie,198,55,2.5,normal,0.28,normal,tackle,struggle,09 June 1999,09:13:40
caterpie,105,46,2.9,normal,0.28,normal,bug_bite,struggle,28/11/1954,22:24:53
caterpie,212,53,1.84,extra_small,0.28,normal,bug_bite,struggle,17/03/1956,23:54:15
chansey,328,291,39.74,normal,1.17,normal,pound,dazzling_gleam,13/10/1914,13:43:28
charmander,520,52,9.23,normal,0.64,normal,ember,flame_burst,23/05/1934,05:23:27
clefairy,424,74,8.74,normal,0.62,normal,pound,moonblast,13/11/1968,17:16:28
clefairy,353,66,6.6,normal,0.48,normal,pound,disarming_voice,09/12/1957,21:06:59
clefairy,531,80,9.51,extra_large,0.66,normal,zen_headbutt,disarming_voice,25/05/1932,07:58:31
clefairy,447,74,8.54,normal,0.61,normal,zen_headbutt,body_slam,14/10/1983,02:29:34
clefairy,307,65,9.43,extra_large,0.61,normal,pound,body_slam,29/05/1977,04:15:52
cubone,468,61,7.22,normal,0.45,normal,rock_smash,bone_club,14/01/1981,12:43:35
cubone,489,64,5.75,normal,0.4,normal,rock_smash,bulldoze,14/12/1929,17:28:59
diglett,64,10,1.05,extra_large,0.23,normal,mud_shot,mud_bomb,27/05/2002,10:33:48
diglett,79,10,0.79,normal,0.2,normal,mud_shot,rock_tomb,12/08/2014,21:05:55
doduo,475,50,23.67,extra_small,1.09,normal,quick_attack,aerial_ace,20/09/1933,07:16:20
dratini,316,40,3.13,normal,1.91,normal,dragon_breath,aqua_tail,13/08/1952,04:05:22
dratini,298,42,4.4,extra_large,2.08,normal,dragon_breath,aqua_tail,30/11/1941,04:31:29
dratini,357,40,2.77,normal,1.49,normal,dragon_breath,twister,28/01/1986,22:16:17
dratini,332,44,4.75,extra_large,1.99,normal,dragon_breath,twister,18/03/1942,01:14:52
drowzee,296,53,23.06,extra_small,0.98,normal,confusion,psybeam,26/12/1919,04:11:40
drowzee,13,12,24.82,normal,0.79,normal,pound,psychic,12/01/2009,22:08:37
drowzee,294,54,31.05,normal,0.8,normal,confusion,psybeam,31/01/1929,00:25:14
drowzee,329,56,32.35,normal,1.05,normal,pound,psybeam,15/08/1949,06:01:48
drowzee,281,53,31.7,normal,1.01,normal,pound,psyshock,19/04/1927,07:15:44
drowzee,138,38,34.61,normal,1.03,normal,confusion,psyshock,22/05/1987,06:12:23
drowzee,296,56,33.59,normal,1.03,normal,pound,psybeam,01/02/1954,01:11:37
drowzee,213,49,31.69,normal,1.01,normal,pound,psybeam,22/12/2002,17:13:16
drowzee,44,21,41.36,extra_large,1.09,normal,confusion,psyshock,08/03/1909,04:29:31
drowzee,212,45,23.75,extra_small,0.92,normal,confusion,psyshock,21/12/1995,20:40:16
drowzee,249,50,11.96,extra_small,0.62,extra_small,confusion,psychic,22/07/1945,10:37:17
drowzee,131,35,26.53,normal,0.87,normal,confusion,psyshock,26/12/1965,17:54:26
drowzee,333,59,40.4,normal,0.98,normal,confusion,psychic,25/12/1926,00:09:54
drowzee,403,62,31.22,normal,1.03,normal,pound,psyshock,26/09/1983,08:50:07
drowzee,213,46,25.17,normal,0.85,normal,pound,psychic,25/04/1902,14:00:28
drowzee,357,63,53.36,extra_large,1.16,normal,confusion,psyshock,25/06/1983,07:45:57
drowzee,253,51,40.57,extra_large,1.06,normal,confusion,psyshock,27/03/1992,06:50:09
drowzee,316,55,23.14,extra_small,0.96,normal,confusion,psyshock,11/02/1904,19:22:40
drowzee,379,64,22.39,extra_small,0.83,normal,confusion,psyshock,15/08/1927,10:55:27
drowzee,261,52,27.82,normal,0.9,normal,pound,psychic,23/07/2002,03:54:35
drowzee,164,40,27.05,normal,0.93,normal,confusion,psyshock,15/11/1915,15:48:57
drowzee,73,26,45.34,extra_large,1.16,normal,confusion,psybeam,09/02/1943,11:10:25
drowzee,43,21,20.38,extra_small,0.88,normal,pound,psychic,25/12/1968,04:19:04
drowzee,13,12,21.13,extra_small,0.8,normal,pound,psyshock,24/10/1917,21:55:28
drowzee,137,39,27.3,normal,0.97,normal,pound,psybeam,17/01/1974,23:06:04
drowzee,437,65,30.98,normal,0.96,normal,pound,psyshock,20/04/1917,09:26:41
drowzee,13,12,43.08,extra_large,1.19,normal,pound,psybeam,12/05/1977,05:21:53
drowzee,284,54,19.51,extra_small,0.8,normal,pound,psybeam,30/07/1931,07:53:06
drowzee,245,52,38.46,normal,1.13,normal,confusion,psyshock,18/04/1911,07:56:06
drowzee,159,40,31.68,normal,1.01,normal,pound,psybeam,07/04/1912,08:05:23
drowzee,274,50,26.47,normal,0.95,normal,confusion,psyshock,06/08/1946,11:40:14
drowzee,369,63,23.23,extra_small,0.83,normal,confusion,psybeam,31/10/1995,07:10:06
drowzee,478,66,45.58,extra_large,1.15,normal,confusion,psyshock,23/12/1940,18:55:30
drowzee,491,72,29.77,normal,0.9,normal,pound,psyshock,09/04/1934,10:45:21
drowzee,131,34,28.76,normal,0.92,normal,pound,psyshock,29/04/2012,10:40:40
drowzee,103,32,21.22,extra_small,0.87,normal,confusion,psychic,17/04/2002,08:31:13
drowzee,317,58,33.25,normal,1.04,normal,confusion,psybeam,20/09/2013,15:18:48
drowzee,283,53,37.03,normal,1.09,normal,pound,psychic,12/01/1905,23:40:19
drowzee,421,65,55.2,extra_large,1.26,extra_large,pound,psybeam,03/04/1925,11:09:35
drowzee,128,38,20.73,extra_small,0.78,normal,confusion,psyshock,30/01/1915,23:00:05
drowzee,454,65,43.89,extra_large,1.24,normal,pound,psychic,06/02/1937,04:49:30
drowzee,124,36,41.82,extra_large,1.05,normal,pound,psyshock,12/12/1993,12:24:56
drowzee,312,54,27.18,normal,0.89,normal,confusion,psyshock,26/04/2005,21:55:47
drowzee,413,63,26,normal,0.87,normal,pound,psybeam,08/05/1974,20:18:30
drowzee,388,62,31.4,normal,1,normal,pound,psybeam,06/10/2001,14:18:04
drowzee,413,67,25.4,normal,0.95,normal,pound,psyshock,05/06/1986,18:38:40
drowzee,550,76,36.81,normal,1.07,normal,confusion,psyshock,14/10/1975,20:51:08
drowzee,422,68,34.69,normal,1.07,normal,confusion,psychic,20/01/2001,09:42:59
drowzee,513,72,44.84,extra_large,1.18,normal,confusion,psyshock,30/11/1954,13:03:27
drowzee,520,73,29.66,normal,1.04,normal,confusion,psychic,31/08/1993,07:57:08
drowzee,562,77,26.67,normal,0.92,normal,pound,psyshock,29/11/1931,17:37:00
drowzee,75,29,14.21,extra_small,0.65,extra_small,pound,psybeam,01/06/1988,01:22:39
drowzee,406,66,43.36,extra_large,1.14,normal,pound,psybeam,02/02/1983,09:07:26
drowzee,212,49,30.78,normal,1.03,normal,confusion,psybeam,26/03/1950,19:44:48
drowzee,479,68,21.778,extra_small,0.81,normal,confusion,psybeam,22/02/1939,12:20:01
drowzee,465,71,39.89,normal,1.14,normal,confusion,psyshock,23/03/1917,15:31:52
drowzee,74,28,38.48,normal,1.05,normal,pound,psybeam,29/07/1913,05:59:28
drowzee,P458,70,32.75,normal,1.09,normal,pound,psyshock,16/04/1955,09:43:42
drowzee,P455,67,34.78,normal,1.06,normal,pound,psybeam,09/06/1927,13:07:49
drowzee,P518,77,36.17,normal,1.07,normal,confusion,psyshock,06/09/1950,17:01:18
drowzee,P348,58,40.37,normal,1.1,normal,confusion,psybeam,16/02/1983,05:52:50
drowzee,P542,82,47.97,extra_large,1.22,normal,pound,psyshock,04/07/1928,21:54:04
drowzee,P276,54,26.28,normal,0.94,normal,pound,psybeam,13/09/1938,09:41:13
drowzee,P613,78,39.03,normal,1,normal,pound,psybeam,18/07/1968,10:36:38
eevee,172,37,4.18,extra_small,0.25,normal,tackle,body_slam,05/02/1968,19:42:03
eevee,234,46,5.33,normal,0.3,normal,tackle,body_slam,25/08/1902,19:59:04
eevee,328,53,8.93,extra_large,0.33,normal,tackle,body_slam,25/11/2015,15:01:08
eevee,44,19,9.82,extra_large,0.34,normal,tackle,dig,26/10/1907,08:05:00
eevee,13,10,6.45,normal,0.25,normal,tackle,body_slam,28/03/1994,20:17:51
eevee,229,43,8.63,extra_large,0.34,normal,tackle,body_slam,14/10/1985,14:46:22
eevee,234,46,8.5,extra_large,0.34,normal,tackle,swift,01/07/1927,22:48:29
eevee,419,61,4.23,extra_small,0.26,normal,quick_attack,dig,08/06/1979,12:09:15
eevee,589,74,6.79,normal,0.3,normal,tackle,swift,13/09/1935,05:45:08
eevee,108,30,5.58,normal,0.29,normal,tackle,body_slam,24/08/1913,22:02:51
eevee,222,41,6.52,normal,0.32,normal,tackle,swift,29/09/1993,12:50:08
eevee,195,40,6.02,normal,0.28,normal,tackle,swift,17/09/1908,06:16:52
eevee,14,11,5.05,normal,0.25,normal,tackle,swift,02/09/1965,11:36:24
eevee,254,45,6.71,normal,0.3,normal,tackle,swift,04/05/1921,04:04:50
eevee,160,35,7.01,normal,0.29,normal,tackle,body_slam,18/12/1988,15:35:27
eevee,572,74,7.97,normal,0.53,normal,tackle,swift,21/09/1914,18:02:56
ekans,206,35,11.57,extra_large,2.46,normal,acid,wrap,03/05/1984,11:17:50
ekans,160,29,5.35,normal,1.52,normal,acid,gunk_shot,31/05/1973,20:31:59
ekans,95,24,5.2,normal,1.93,normal,acid,gunk_shot,03/08/1908,20:06:43
electabuzz,523,56,31.83,normal,1.15,normal,thunder_shock,thunderbolt,03/08/1966,10:31:51
electabuzz,P962,74,39.04,extra_large,1.26,normal,low_kick,thunder,29/04/2001,08:20:10
electrode,775,71,57.65,normal,1.03,normal,spark,discharge,04/02/2012,04:21:04
exeggcute,464,68,0.72,extra_small,0.33,normal,confusion,seed_bomb,09/11/1926,12:11:12
exeggute,449,67,3.5,extra_large,0.47,normal,confusion,psychic,24/09/1911,12:59:59
exeggute,232,46,3.25,extra_large,0.44,normal,confusion,seed_bomb,22/06/2001,05:15:51
exeggute,488,67,3.64,extra_large,0.49,normal,confusion,psychic,25/05/1948,14:07:10
fearow,954,83,40.55,normal,1.2,normal,steel_wing,drill_run,26/06/1934,01:58:56
gastly,28,10,0.06,extra_small,0.96,extra_small,sucker_punch,dark_pulse,15/05/1951,21:27:17
gastly,118,22,0.05,extra_small,0.98,normal,lick,sludge_bomb,12/10/1997,03:15:46
gastly,28,10,0.13,extra_large,1.36,normal,sucker_punch,sludge_bomb,26/04/1985,06:13:57
gastly,236,30,0.07,extra_small,1.09,normal,lick,sludge_bomb,06/04/1949,20:04:22
gastly,318,38,0.09,normal,1.15,normal,lick,ominous_wind,07/07/1958,10:25:00
gastly,10,10,0.08,normal,1.21,normal,lick,sludge_bomb,07/04/1936,06:52:17
gastly,240,31,0.11,normal,1.31,normal,sucker_punch,dark_pulse,27/10/1952,01:53:39
gastly,295,34,0.13,extra_large,1.34,normal,lick,dark_pulse,27/12/1998,10:52:40
gastly,46,13,0.07,extra_small,1.24,normal,sucker_punch,ominous_wind,04/08/1945,13:55:32
gastly,49,12,0.13,extra_large,1.56,normal,sucker_punch,ominous_wind,29/01/1957,00:11:22
gastly,285,33,0.13,extra_large,1.6,normal,lick,sludge_bomb,26/02/2010,01:48:40
gastly,P391,38,0.08,normal,1.18,normal,lick,dark_pulse,10/02/1924,09:13:18
geodude,85,23,20.88,normal,0.37,normal,rock_throw,rock_tomb,16/10/1916,15:14:56
geodude,225,38,18.16,normal,0.4,normal,tackle,rock_slide,15/08/1901,07:40:02
geodude,168,34,18.69,normal,0.39,normal,rock_throw,rock_slide,26/12/1972,22:02:10
geodude,477,56,30.62,extra_large,0.48,normal,rock_throw,rock_slide,29/04/2000,15:21:33
geodude,P32,15,35.32,extra_large,0.51,extra_large,tackle,rock_slide,10/06/2009,20:03:11
geodude,P188,32,15.79,normal,0.38,normal,rock_throw,rock_slide,11/04/2004,00:37:04
golbat,139,35,39.03,extra_small,1.53,normal,wing_attack,poison_fang,05/07/1966,20:19:44
golbat,744,80,64.55,normal,1.64,normal,bite,ominous_wind,11/04/1999,13:55:56
golbat,26,15,63.55,normal,1.79,normal,bite,ominous_wind,26/06/1968,20:27:42
goldeen,236,41,22.2,extra_large,0.7,normal,mud_shot,horn_attack,29/08/1928,02:25:25
goldeen,64,22,14,normal,0.59,normal,peck,water_pulse,13/11/1928,08:16:31
goldeen,326,50,11.53,normal,0.52,normal,mud_shot,aqua_tail,12/08/1998,22:44:07
goldeen,59,19,10.83,extra_small,0.54,normal,mud_shot,horn_attack,01/11/1902,19:26:23
goldeen,391,51,12.83,normal,0.53,normal,peck,water_pulse,04/01/1903,16:42:25
goldeen,12,10,14.16,normal,0.61,normal,peck,aqua_tail,06/03/1961,09:47:17
goldeen,191,37,14.61,normal,0.61,normal,peck,horn_attack,22/10/1928,21:50:02
goldeen,320,46,8.6,normal,0.51,normal,peck,aqua_tail,27/09/1955,14:19:16
goldeen,396,52,10.63,extra_small,0.55,normal,mud_shot,horn_attack,25/04/2004,22:12:43
goldeen,400,53,15.93,normal,0.59,normal,peck,aqua_tail,30/06/1941,18:03:25
goldeen,293,47,21.3,extra_large,0.65,normal,peck,aqua_tail,02/02/1995,09:25:56
goldeen,540,62,16.15,normal,0.62,normal,peck,aqua_tail,25/05/2002,16:38:40
goldeen,122,26,20.77,extra_large,0.67,normal,peck,water_pulse,13/03/1912,13:37:26
grimer,256,64,30.2,normal,0.84,normal,acid,sludge_bomb,22/08/1931,15:24:52
grimer,495,86,23.21,normal,0.83,normal,mud_slap,mud_bomb,16/06/1928,16:03:53
growlithe,620,66,21.31,normal,0.73,normal,ember,flamethrower,11/03/1924,07:12:06
growlithe,624,66,24.43,extra_large,0.8,normal,bite,body_slam,20/06/1937,23:39:29
gyarados,955,94,176.98,normal,5.58,normal,bite,hydro_pump,05/02/1972,07:29:03
horsea,53,14,5.1,extra_small,0.35,normal,bubble,flash_cannon,16/05/1929,06:44:04
horsea,114,21,8.38,normal,0.41,normal,water_gun,bubble_beam,31/08/1978,02:33:29
horsea,167,27,8.04,normal,0.41,normal,bubble,dragon_pulse,20/01/1929,23:31:28
horsea,307,35,8.13,normal,0.41,normal,water_gun,dragon_pulse,23/02/1975,21:30:34
horsea,244,31,6.93,normal,0.38,normal,water_gun,bubble_beam,06/08/1960,07:37:56
horsea,104,21,8.84,normal,0.41,normal,water_gun,bubble_beam,20/11/2005,04:46:47
horsea,325,38,10.36,extra_large,0.45,normal,water_gun,dragon_pulse,19/12/1945,05:09:33
horsea,117,19,10.05,extra_large,0.42,normal,water_gun,dragon_pulse,15/09/1982,04:00:01
horsea,56,15,9.65,normal,0.43,normal,bubble,bubble_beam,19/01/1912,13:20:52
horsea,149,26,5.03,extra_small,0.31,normal,bubble,dragon_pulse,01/08/1972,11:52:32
horsea,P119,21,4.62,extra_small,0.29,extra_small,bubble,bubble_beam,27/04/1901,00:46:03
hypno,471,66,93,normal,1.76,normal,confusion,psychic,14/11/1948,03:20:36
hypno,534,69,71.65,normal,1.56,normal,zen_headbutt,psychic,10/12/1976,15:24:58
hypno,462,63,95.16,extra_large,1.67,normal,zen_headbutt,psychic,02/02/1997,02:51:05
jigglypuff,221,93,7.04,extra_large,0.56,normal,pound,play_rough,27/12/1992,21:21:32
jigglypuff,156,80,6.83,normal,0.55,normal,pound,play_rough,22/08/1988,17:40:12
jigglypuff,349,119,3.57,extra_small,0.42,normal,pound,disarming_voice,15/04/1913,06:53:37
jigglypuff,10,22,4.92,normal,0.44,normal,feint_attack,disarming_voice,07/09/1989,13:17:30
jigglypuff,188,94,6.56,normal,0.52,normal,feint_attack,disarming_voice,22/10/1936,10:14:57
jigglypuff,33,39,7.14,extra_large,0.58,normal,pound,body_slam,22/08/1964,05:11:03
jigglypuff,56,51,5.55,normal,0.49,normal,feint_attack,play_rough,20/09/1993,23:57:07
jigglypuff,66,51,8.13,extra_large,0.6,normal,feint_attack,play_rough,09/07/2001,15:01:39
jigglypuff,289,111,5.02,normal,0.44,normal,feint_attack,play_rough,13/01/1960,05:57:15
jigglypuff,348,119,4.91,normal,0.47,normal,feint_attack,body_slam,26/01/1941,15:54:12
jigglypuff,486,146,4.9,normal,0.44,normal,pound,disarming_voice,22/05/1928,13:14:32
jynx,572,65,43.9,normal,1.52,normal,pound,draining_kiss,14/12/1984,16:48:27
jynx,72,23,37.74,normal,1.4,normal,pound,draining_kiss,27/07/1972,16:19:02
jynx,618,69,55.17,extra_large,1.56,normal,frost_breath,psyshock,29/11/1979,17:58:34
jynx,176,37,34.66,normal,1.33,normal,pound,psyshock,06/04/1978,00:18:27
jynx,345,52,36.51,normal,1.5,normal,pound,psyshock,07/05/1926,07:48:09
jynx,73,23,41.77,normal,1.4,normal,pound,psyshock,11/02/1989,01:26:57
jynx,68,23,35.84,normal,1.41,normal,pound,psyshock,12/11/1939,22:56:55
kakuna,170,49,11.89,normal,0.65,normal,poison_sting,struggle,30/04/1917,02:16:02
kingler,234,33,73.81,normal,1.52,normal,metal_claw,vice_grip,05/03/1955,08:36:00
koffing,173,26,0.53,extra_small,0.49,normal,acid,sludge,20/04/1915,17:52:39
koffing,338,40,1,normal,0.63,normal,tackle,sludge,17/02/1965,06:11:07
koffing,303,37,1.03,normal,0.57,normal,tackle,sludge_bomb,14/05/2015,15:24:25
koffing,440,43,0.93,normal,0.53,normal,acid,sludge_bomb,28/10/1977,23:51:33
koffing,364,38,0.99,normal,0.64,normal,tackle,sludge,28/11/1905,20:10:44
koffing,539,47,1.04,normal,0.56,normal,tackle,sludge,17/01/1993,18:16:12
krabby,51,15,5.82,normal,0.36,normal,mud_shot,vice_grip,11/08/1928,08:32:14
krabby,204,27,8.06,normal,0.43,normal,mud_shot,bubble_beam,02/09/1958,01:02:20
krabby,187,25,5.3,normal,0.39,normal,mud_shot,bubble_beam,01/07/2001,06:55:39
krabby,76,18,8.05,normal,0.46,normal,bubble,water_pulse,15/08/1947,02:20:35
krabby,224,29,4.83,extra_small,0.32,normal,mud_shot,water_pulse,16/02/2007,13:01:22
krabby,181,26,8.58,extra_large,0.42,normal,mud_shot,water_pulse,25/12/1975,20:50:27
krabby,76,16,4.97,normal,0.35,normal,mud_shot,bubble_beam,16/08/2010,09:24:06
krabby,209,29,3.28,normal,0.34,normal,mud_shot,water_pulse,12/04/1910,17:59:48
krabby,91,17,5.4,normal,0.38,normal,bubble,vice_grip,06/10/1909,18:29:35
krabby,278,31,5.02,normal,0.33,normal,mud_shot,water_pulse,06/03/1904,07:42:58
krabby,81,19,4.19,extra_small,0.42,normal,mud_shot,vice_grip,16/05/1988,15:07:12
krabby,259,29,7.41,normal,0.41,normal,bubble,water_pulse,07/08/1940,09:07:00
krabby,378,36,6.43,normal,0.38,normal,mud_shot,water_pulse,13/05/1990,19:07:25
krabby,P443,44,5.66,normal,0.35,normal,mud_shot,water_pulse,11/07/1918,11:20:18
lapras,1636,161,162.88,extra_small,2.22,normal,ice_shard,dragon_pulse,22/10/1968,21:09:26
machop,358,69,18.29,normal,0.83,normal,low_kick,brick_break,22/06/1975,02:02:51
magikarp,52,16,9.93,normal,0.83,normal,splash,struggle,28/06/2003,07:50:18
magikarp,83,27,6.54,extra_small,0.75,normal,splash,struggle,13/09/1920,15:17:08
magikarp,31,15,14.27,extra_large,1,normal,splash,struggle,29/07/1938,18:37:45
magikarp,23,10,6.98,extra_small,0.78,normal,splash,struggle,19/12/1909,09:50:39
magikarp,10,10,9,normal,0.81,normal,splash,struggle,26/01/1931,09:54:57
magikarp,50,17,10.67,normal,0.91,normal,splash,struggle,04/03/1918,23:22:02
magikarp,10,10,9.85,normal,0.85,normal,splash,struggle,31/12/1905,17:16:16
magikarp,44,17,19.81,normal,0.87,normal,splash,struggle,18/08/1928,21:43:07
magikarp,10,10,9.16,normal,0.91,normal,splash,struggle,14/10/1987,02:01:06
magikarp,55,19,6.55,extra_small,0.86,normal,splash,struggle,08/02/1919,23:52:07
magikarp,10,10,12.18,normal,1.01,normal,splash,struggle,03/06/1953,12:19:18
magikarp,54,16,10.5,normal,0.97,normal,splash,struggle,30/04/1931,04:11:12
magikarp,85,23,5.28,extra_small,0.75,normal,splash,struggle,10/03/2012,00:07:58
magikarp,67,19,15.48,extra_large,1.08,normal,splash,struggle,18/01/1925,17:28:44
magikarp,22,91,10.91,normal,0.84,normal,splash,struggle,05/10/1978,00:08:45
magikarp,112,28,12.61,extra_large,0.96,normal,splash,struggle,12/11/1910,02:11:59
magikarp,72,23,8.52,normal,0.84,normal,splash,struggle,03/08/2010,08:37:08
magikarp,95,24,9.65,normal,1.01,normal,splash,struggle,10/05/1990,20:07:26
magikarp,39,16,11.67,normal,0.91,normal,splash,struggle,24/10/1910,23:19:07
magikarp,39,14,11.96,normal,0.95,normal,splash,struggle,23/03/1906,02:37:21
magikarp,112,28,10.08,normal,0.87,normal,splash,struggle,14/06/1923,16:58:07
magikarp,37,15,7.53,normal,0.81,normal,splash,struggle,26/05/1996,05:49:41
magikarp,48,17,12.03,normal,1,normal,splash,struggle,25/05/1916,00:51:48
magikarp,50,16,13.47,extra_large,1.07,normal,splash,struggle,04/11/1909,19:41:22
magikarp,117,29,5.6,extra_small,0.76,normal,splash,struggle,17/05/1969,00:06:08
magikarp,110,28,12.57,extra_large,0.95,normal,splash,struggle,26/07/1980,23:28:16
magikarp,16,10,10.98,normal,0.89,normal,splash,struggle,27/03/1972,22:52:25
magikarp,P20,11,15.31,extra_large,1.11,normal,splash,struggle,31/05/1981,23:57:16
magmar,865,69,51.83,normal,1.31,normal,ember,fire_blast,03/06/1980,16:18:24
magmar,936,70,40.36,normal,1.16,normal,karate_chop,flamethrower,18/02/1905,20:35:17
magmar,396,47,20.79,extra_small,0.96,extra_small,karate_chop,fire_blast,22/03/1966,11:36:46
magmar,600,59,54.08,normal,1.36,normal,ember,flamethrower,01/07/1966,21:22:03
magmar,29,12,55.89,extra_small,1.52,normal,ember,fire_blast,07/02/2000,12:10:47
magmar,91,23,58.29,extra_large,1.25,normal,karate_chop,flamethrower,12/03/1930,21:59:41
magmar,991,73,31.13,extra_small,1.23,normal,karate_chop,flamethrower,22/01/1900,06:42:00
magmar,963,75,42.48,normal,1.28,normal,ember,fire_blast,28/06/1961,08:17:11
magnemite,20,20,5.28,normal,0.3,normal,thunder_shock,magnet_bomb,10/09/1906,11:00:57
magnemite,311,25,5.47,normal,0.29,normal,thunder_shock,discharge,10/02/1900,11:46:57
magnemite,325,31,6.12,normal,0.3,normal,thunder_shock,thunderbolt,15/04/1971,16:05:51
magnemite,314,30,4.35,extra_small,0.26,normal,thunder_shock,thunderbolt,07/08/1943,06:21:35
magnemite,343,31,9.33,extra_large,0.35,normal,spark,discharge,25/09/1962,03:31:57
meowth,200,38,3.41,normal,0.4,normal,scratch,night_slash,24/05/2006,04:22:49
meowth,130,29,4.03,normal,0.37,normal,bite,body_slam,13/04/1988,04:29:32
meowth,94,25,2.65,extra_small,0.36,normal,scratch,night_slash,26/03/1964,01:46:43
meowth,89,26,3.99,normal,0.39,normal,bite,body_slam,03/06/1982,05:46:31
meowth,406,53,5.14,normal,0.41,normal,scratch,dark_pulse,24/11/2011,14:46:32
meowth,28,14,2.19,extra_small,0.32,normal,scratch,body_slam,24/12/1952,14:07:46
meowth,10,10,5.26,extra_large,0.47,normal,scratch,body_slam,22/08/1951,03:22:17
metapod,132,52,7.01,extra_small,0.68,normal,bug_bite,struggle,05/04/2005,13:15:00
metapod,132,51,8.11,normal,0.6,normal,bug_bite,struggle,13/02/1938,04:29:50
metapod,92,45,13.37,extra_large,0.87,normal,bug_bite,struggle,09/03/1952,12:27:26
mr_mime,238,28,53.9,normal,1.17,normal,zen_headbutt,psybeam,16/02/1920,02:11:06
nidoran_female,10,11,6.21,normal,0.36,normal,bite,poison_fang,30/10/1920,17:25:12
nidoran_female,97,32,8.11,normal,0.41,normal,bite,sludge_bomb,13/02/2011,08:47:50
nidoran_female,142,42,4.2,extra_small,0.31,normal,poison_sting,poison_fang,03/01/1957,04:07:36
nidoran_female,P10,10,11.37,extra_large,0.48,normal,bite,sludge_bomb,18/10/1953,09:15:46
nidoran_male,112,30,9.49,normal,0.51,normal,poison_sting,body_slam,23/02/1935,00:52:17
nidoran_male,291,50,8.24,normal,0.51,normal,poison_sting,body_slam,10/09/1979,06:48:25
nidoran_male,152,36,13.52,extra_large,0.6,normal,peck,body_slam,09/02/1997,00:23:40
nidoran_male,225,43,9.69,normal,0.54,normal,peck,sludge_bomb,11/11/1970,16:58:20
nidoran_male,10,10,10.83,normal,0.58,normal,peck,sludge_bomb,13/07/1938,17:35:01
nidorino,285,48,16.1,normal,0.86,normal,poison_jab,horn_attack,23/02/1964,09:35:25
oddish,221,37,5.02,normal,0.5,normal,razor_leaf,seed_bomb,09/06/1992,17:25:09
oddish,71,20,6.57,normal,0.52,normal,razor_leaf,sludge_bomb,25/04/2009,10:50:38
oddish,434,49,6.39,normal,0.56,normal,razor_leaf,sludge_bomb,28/04/1913,19:27:16
oddish,434,49,4.76,normal,0.47,normal,razor_leaf,moonblast,05/04/1916,07:17:10
omanyte,14,10,6.85,normal,0.41,normal,mud_shot,rock_tomb,14/11/1920,06:01:37
omanyte,P225,27,11.48,extra_large,0.47,normal,mud_shot,ancient_power,23/01/1915,10:52:40
onix,299,38,192.45,normal,9.52,normal,tackle,iron_head,05/04/1955,11:27:12
paras,127,26,5.45,normal,0.29,normal,scratch,seed_bomb,01/03/1937,06:46:31
paras,355,41,5.46,normal,0.31,normal,scratch,x-scissor,19/07/1999,11:02:33
paras,292,37,3.36,extra_small,0.25,normal,bug_bite,x-scissor,20/04/1911,08:13:51
paras,58,17,3.37,extra_small,0.26,normal,scratch,cross_poison,15/07/2004,17:41:04
paras,455,41,5.31,normal,0.33,normal,bug_bite,cross_poison,16/05/2013,16:13:23
paras,391,43,5.67,normal,0.3,normal,scratch,x-scissor,17/06/1919,13:11:31
paras,496,47,7,extra_large,0.33,normal,bug_bite,seed_bomb,23/11/1991,10:59:19
paras,35,12,6.04,normal,0.31,normal,bug_bite,seed_bomb,07/03/1900,22:53:24
paras,353,38,5.87,normal,0.32,normal,bug_bite,cross_poison,07/03/1935,07:32:16
paras,P327,42,4.92,normal,0.29,normal,scratch,cross_poison,19/08/1912,16:02:13
paras,P254,33,6.87,extra_large,0.33,normal,bug_bite,seed_bomb,11/04/1902,09:38:02
parasect,171,32,19.2,extra_small,0.87,normal,bug_bite,x-scissor,30/07/1995,16:08:20
pidgeot,667,82,37.76,normal,1.39,normal,wing_attack,aerial_ace,29/11/1999,08:58:22
pidgeotto,449,70,34.23,normal,1.26,normal,wing_attack,air_cutter,08/11/1959,17:09:18
pidgeotto,311,56,27.01,normal,0.91,normal,steel_wing,twister,15/05/1926,10:06:43
pidgeotto,240,49,31.84,normal,1.18,normal,wing_attack,aerial_ace,10/08/1975,01:40:36
pidgey,112,30,1.86,normal,0.28,normal,quick_attack,aerial_ace,02/07/1925,22:25:31
pidgey,219,44,2.02,normal,0.33,normal,quick_attack,aerial_ace,12/01/1945,20:47:32
pidgey,125,31,2.24,normal,0.35,normal,quick_attack,twister,05/10/1988,09:07:44
pidgey,199,41,2.36,extra_small,0.33,normal,quick_attack,twister,07/06/1931,00:40:04
pidgey,93,30,2.24,normal,0.32,normal,tackle,twister,08/03/1969,03:26:25
pidgey,198,43,1.2,extra_small,0.24,normal,tackle,twister,25/02/2008,00:41:13
pidgey,44,20,2.59,extra_large,0.37,normal,quick_attack,aerial_ace,08/09/1918,06:27:47
pidgey,90,27,1.71,normal,0.29,normal,tackle,twister,09/09/2007,12:37:55
pidgey,90,26,2.31,extra_large,0.31,normal,quick_attack,twister,22/05/1999,00:04:53
pidgey,10,10,1.97,normal,0.3,normal,quick_attack,aerial_ace,07/11/1968,04:09:28
pidgey,148,36,1.61,normal,0.3,normal,tackle,air_cutter,19/11/1911,08:08:10
pidgey,56,20,1.71,normal,0.3,normal,tackle,twister,30/09/1994,09:09:47
pidgey,76,26,1.74,normal,0.29,normal,tackle,air_cutter,05/01/1914,22:09:57
pidgey,77,24,1.37,normal,0.24,normal,tackle,aerial_ace,04/08/1934,09:15:28
pidgey,73,23,2.39,extra_large,0.36,normal,quick_attack,twister,22/10/1966,15:45:10
pidgey,143,37,2.43,extra_large,0.34,normal,quick_attack,aerial_ace,08/01/1970,10:13:45
pidgey,256,46,0.82,extra_small,0.23,normal,tackle,twister,30/09/1998,03:39:55
pidgey,263,45,2.05,normal,0.33,normal,quick_attack,air_cutter,03/03/1932,04:07:47
pidgey,24,13,1.44,normal,0.29,normal,tackle,twister,09/08/1942,06:27:15
pidgey,199,40,1.56,normal,0.3,normal,quick_attack,aerial_ace,21/03/2014,14:48:09
pidgey,43,20,1.47,normal,0.28,normal,tackle,aerial_ace,07/09/1902,17:23:31
pidgey,24,13,1.87,normal,0.32,normal,tackle,aerial_ace,18/11/1962,22:18:29
pidgey,169,35,1.53,normal,0.24,normal,quick_attack,air_cutter,17/05/1975,07:21:15
pidgey,135,32,2.99,extra_large,0.38,extra_large,tackle,aerial_ace,30/10/1936,21:25:22
pidgey,186,39,2.4,extra_large,0.33,normal,quick_attack,air_cutter,05/06/1966,03:26:37
pidgey,266,48,1.95,normal,0.32,normal,tackle,twister,10/10/1964,01:59:53
pidgey,137,32,1.95,normal,0.33,normal,tackle,twister,17/03/1928,21:43:49
pidgey,41,19,1.38,normal,0.27,normal,quick_attack,aerial_ace,27/06/1972,19:14:34
pidgey,25,15,1.86,normal,0.31,normal,quick_attack,twister,02/11/1937,01:34:19
pidgey,42,19,1.61,normal,0.3,normal,tackle,aerial_ace,08/08/1980,12:18:40
pidgey,56,20,2.01,normal,0.32,normal,tackle,air_cutter,09/07/1986,02:20:47
pidgey,126,34,2.05,normal,0.3,normal,quick_attack,air_cutter,04/11/1959,19:56:57
pidgey,175,39,1.34,extra_small,0.25,normal,quick_attack,twister,06/07/1915,18:28:18
pidgey,233,44,1.56,normal,0.3,normal,tackle,aerial_ace,28/10/1906,09:00:56
pidgey,229,43,0.85,extra_small,0.22,extra_small,quick_attack,air_cutter,16/01/1985,12:52:50
pidgey,166,39,1.63,normal,0.27,normal,quick_attack,twister,11/06/1990,01:58:48
pidgey,25,13,2.8,extra_small,0.35,normal,quick_attack,aerial_ace,27/12/1962,16:56:15
pidgey,241,48,2.8,extra_large,0.37,normal,tackle,air_cutter,27/01/1955,14:32:57
pidgey,43,19,2.39,extra_large,0.35,normal,quick_attack,twister,11/02/1982,19:04:44
pidgey,97,27,1.65,normal,0.31,normal,tackle,twister,03/01/1952,03:03:07
pidgey,55,21,2.34,extra_large,0.33,normal,tackle,twister,23/12/1961,03:22:37
pidgey,144,36,2.89,extra_large,0.37,normal,quick_attack,aerial_ace,07/10/2007,06:26:22
pidgey,206,43,1.1,extra_small,0.24,normal,quick_attack,air_cutter,28/06/1994,19:28:47
pidgey,179,38,2.1,normal,0.31,normal,tackle,aerial_ace,09/03/1943,08:41:59
pidgey,10,10,1.32,extra_small,0.28,normal,quick_attack,air_cutter,20/04/1951,14:09:03
pidgey,303,50,1.6,normal,0.26,normal,quick_attack,twister,08/06/2002,09:36:43
pidgey,185,37,1.43,normal,0.28,normal,quick_attack,air_cutter,15/02/1974,03:28:42
pidgey,172,42,1.04,extra_small,0.23,normal,quick_attack,aerial_ace,20/04/1903,12:36:18
pidgey,241,45,2.07,normal,0.31,normal,tackle,aerial_ace,26/06/1953,20:46:30
pidgey,120,32,1.96,normal,0.3,normal,quick_attack,twister,15/07/1958,11:56:26
pidgey,39,18,2.39,extra_large,0.32,normal,quick_attack,twister,19/08/2000,21:56:53
pidgey,78,27,2.66,extra_large,0.37,normal,quick_attack,air_cutter,16/09/1960,02:03:55
pidgey,108,30,1.49,normal,0.28,normal,quick_attack,aerial_ace,21/07/1960,04:12:33
pidgey,74,26,2.18,normal,0.29,normal,tackle,air_cutter,03/11/1902,18:05:00
pidgey,179,41,0.99,extra_small,0.26,normal,quick_attack,air_cutter,18/09/1916,18:19:25
pidgey,91,30,2.72,extra_large,0.35,normal,tackle,air_cutter,11/08/1970,06:29:03
pidgey,274,49,1.95,normal,0.32,normal,quick_attack,twister,11/09/2015,02:41:15
pidgey,76,27,2.14,normal,0.3,normal,tackle,air_cutter,15/10/1965,12:30:08
pidgey,250,45,1.11,extra_small,0.24,normal,quick_attack,twister,14/12/1909,10:03:17
pidgey,254,44,0.82,extra_small,0.21,extra_small,tackle,aerial_ace,07/11/1962,05:10:52
pidgey,106,29,2.63,extra_large,0.36,normal,quick_attack,twister,13/12/1916,00:29:51
pidgey,78,27,1.85,normal,0.28,normal,quick_attack,aerial_ace,10/07/1947,15:50:56
pidgey,55,20,2.95,extra_large,0.39,extra_large,quick_attack,air_cutter,23/11/1924,16:47:18
pidgey,90,29,1.81,normal,0.27,normal,tackle,aerial_ace,08/05/1917,00:25:20
pidgey,10,10,2.69,normal,0.37,normal,quick_attack,aerial_ace,23/12/1999,07:09:24
pidgey,151,34,1.5,normal,0.26,normal,quick_attack,twister,23/11/1910,08:29:02
pidgey,109,27,1.85,normal,0.29,normal,quick_attack,air_cutter,21/09/1916,02:39:31
pidgey,302,54,1.77,normal,0.28,normal,quick_attack,aerial_ace,25/06/1925,03:01:05
pidgey,254,50,1.5,normal,0.27,normal,quick_attack,air_cutter,19/05/1909,23:12:23
pidgey,24,15,1.71,normal,0.29,normal,quick_attack,twister,13/03/1963,21:06:08
pidgey,176,39,2.73,extra_large,0.37,normal,tackle,air_cutter,26/09/2011,00:08:50
pidgey,87,27,1.79,normal,0.33,normal,tackle,aerial_ace,27/05/1933,09:06:35
pidgey,171,35,1.03,extra_small,0.25,normal,quick_attack,air_cutter,27/02/2000,15:30:39
pidgey,210,45,1.98,normal,0.3,normal,tackle,aerial_ace,19/02/1904,00:32:42
pidgey,39,18,1.78,normal,0.31,normal,quick_attack,twister,09/04/1954,16:41:47
pidgey,274,51,2.12,normal,0.29,normal,tackle,aerial_ace,31/07/1947,17:53:40
pidgey,124,30,1.68,normal,0.29,normal,tackle,aerial_ace,08/12/1999,07:55:31
pidgey,94,28,1.66,normal,0.26,normal,tackle,twister,31/12/1997,18:00:39
pidgey,97,29,2.2,normal,0.35,normal,quick_attack,air_cutter,12/08/2010,07:35:07
pidgey,279,46,2,normal,0.3,normal,quick_attack,air_cutter,10/05/1915,13:46:20
pidgey,226,43,2.45,extra_large,0.32,normal,tackle,air_cutter,30/10/2002,13:54:32
pidgey,76,26,1.25,extra_small,2.5,normal,tackle,aerial_ace,27/04/1922,07:19:35
pidgey,43,18,2.07,normal,0.3,normal,tackle,twister,30/04/1927,09:33:29
pidgey,178,38,3.12,extra_large,0.38,extra_large,quick_attack,aerial_ace,01/12/1923,07:27:03
pidgey,P232,40,3.01,extra_large,0.4,extra_large,quick_attack,twister,14/01/1917,10:01:34
pidgey,P95,25,1.56,normal,0.29,normal,quick_attack,air_cutter,27/11/1969,21:59:32
pikachu,111,23,7.82,extra_large,0.45,normal,thunder_shock,thunder,24/07/1957,15:14:45
pinsir,527,55,51.39,normal,1.55,normal,fury_cutter,vice_grip,07/06/1916,16:58:24
pinsir,775,69,27.51,extra_small,1.27,normal,rock_smash,x-scissor,15/07/1962,07:21:06
pinsir,88,23,26.68,extra_small,1.23,normal,rock_smash,submission,08/02/2010,18:12:25
pinsir,739,67,75.16,extra_large,1.72,normal,fury_cutter,x-scissor,19/01/1989,16:47:54
pinsir,338,44,72.45,extra_large,1.73,normal,fury_cutter,x-scissor,12/12/1977,06:02:03
pinsir,1184,84,68.13,normal,1.61,normal,rock_smash,vice_grip,25/03/1943,13:22:10
poliwag,156,35,11.24,normal,0.58,normal,bubble,body_slam,19/07/1917,21:41:48
poliwag,30,14,15.23,normal,0.61,normal,bubble,bubble_beam,27/02/1918,18:04:21
poliwag,163,33,7.46,extra_small,0.56,normal,mud_shot,body_slam,06/08/1916,13:33:29
poliwag,166,35,11.18,normal,0.62,normal,mud_shot,body_slam,31/12/1936,18:23:44
poliwag,154,32,9.99,normal,0.53,normal,mud_shot,body_slam,17/09/2014,14:27:18
poliwag,153,30,12.17,normal,0.58,normal,mud_shot,bubble_beam,24/07/1947,02:59:14
poliwag,135,28,18.02,extra_large,0.69,normal,mud_shot,body_slam,22/03/1924,00:33:18
poliwag,229,38,13.3,normal,0.65,normal,mud_shot,bubble_beam,09/08/1984,22:23:49
poliwag,87,23,12.38,normal,0.6,normal,mud_shot,bubble_beam,25/04/1913,09:34:44
poliwag,143,31,12.2,normal,0.55,normal,mud_shot,bubble_beam,13/08/1933,02:54:04
poliwag,186,33,14.85,normal,0.64,normal,mud_shot,mud_bomb,10/09/1940,04:20:13
poliwag,274,47,12.22,normal,0.62,normal,bubble,mud_bomb,13/09/2011,09:53:48
poliwag,153,33,13.5,normal,0.67,normal,mud_shot,bubble_beam,21/11/2012,12:47:48
poliwag,381,49,9.79,normal,0.56,normal,mud_shot,body_slam,17/10/1913,07:37:48
poliwhirl,415,62,18.71,normal,0.94,normal,bubble,mud_bomb,08/04/1905,05:49:10
poliwhirl,308,53,15.36,normal,0.88,normal,bubble,mud_bomb,15/03/1942,18:03:44
poliwhirl,542,71,24.49,normal,1.08,normal,bubble,bubble_beam,22/09/2014,12:19:55
ponyta,485,53,26.68,normal,0.96,normal,tackle,fire_blast,18/03/1951,11:45:21
ponyta,217,32,29.74,normal,0.99,normal,ember,fire_blast,21/10/1981,11:53:44
ponyta,331,42,27.56,normal,0.95,normal,ember,flame_wheel,16/06/2011,23:12:55
psyduck,97,26,26.05,extra_large,0.9,normal,zen_headbutt,psybeam,07/04/1972,05:01:20
psyduck,41,17,23.63,normal,0.91,normal,zen_headbutt,psybeam,14/09/1992,18:04:41
psyduck,44,19,23.41,normal,0.72,normal,zen_headbutt,psybeam,20/12/1984,17:17:09
psyduck,191,39,18.16,normal,0.73,normal,water_gun,aqua_tail,04/06/1976,21:04:14
psyduck,221,37,21.75,normal,0.94,normal,zen_headbutt,aqua_tail,11/06/1981,19:50:29
psyduck,422,58,18.52,normal,0.72,normal,zen_headbutt,psybeam,20/11/2002,11:22:30
psyduck,332,52,23.38,normal,0.81,normal,zen_headbutt,aqua_tail,03/09/1922,16:25:06
psyduck,72,22,22.98,normal,0.9,normal,water_gun,psybeam,11/05/1988,02:35:31
psyduck,335,46,30.28,extra_large,0.99,normal,zen_headbutt,aqua_tail,27/05/2010,07:39:42
psyduck,42,18,18.04,normal,0.77,normal,zen_headbutt,cross_chop,14/06/1935,18:41:50
psyduck,13,10,23.94,normal,0.86,normal,water_gun,aqua_tail,08/11/1927,22:14:49
psyduck,453,61,14.4,extra_small,0.76,normal,zen_headbutt,cross_chop,07/03/1928,08:00:53
psyduck,365,49,19.71,normal,0.81,normal,water_gun,psybeam,30/04/1917,21:41:51
psyduck,431,53,15.52,normal,0.74,normal,water_gun,aqua_tail,22/10/1987,23:53:24
psyduck,497,61,14.3,extra_small,0.65,normal,water_gun,cross_chop,27/01/2012,16:18:58
psyduck,184,37,15.16,normal,0.74,normal,water_gun,aqua_tail,20/09/1908,18:30:54
psyduck,69,21,23.59,normal,0.91,normal,zen_headbutt,aqua_tail,23/07/1949,11:51:25
raticate,183,35,26.32,extra_large,0.76,normal,quick_attack,hyper_fang,24/07/1938,15:13:13
raticate,99,25,24.9,extra_large,0.76,normal,quick_attack,dig,17/04/1985,17:38:21
raticate,268,42,15.06,normal,0.56,normal,bite,hyper_beam,04/11/1925,04:47:03
raticate,103,26,22.73,normal,0.78,normal,quick_attack,dig,04/08/1948,07:38:13
raticate,140,30,16.75,normal,0.66,normal,bite,hyper_fang,24/09/1969,08:12:03
raticate,601,59,20.09,normal,0.69,normal,quick_attack,hyper_beam,11/07/1925,11:22:04
rattata,90,22,1.87,extra_small,0.27,normal,quick_attack,body_slam,15/11/1938,11:48:12
rattata,154,31,4.71,extra_large,0.34,normal,tackle,body_slam,02/07/1970,09:37:24
rattata,172,30,3.57,normal,0.3,normal,tackle,body_slam,21/01/1977,06:45:08
rattata,173,28,3.69,normal,0.28,normal,quick_attack,hyper_fang,19/01/1931,07:38:54
rattata,91,22,1.88,extra_small,0.24,normal,tackle,body_slam,28/07/1921,19:17:09
rattata,138,27,4.24,normal,0.35,normal,quick_attack,hyper_fang,16/01/1920,04:15:13
rattata,35,14,3.07,normal,0.27,normal,tackle,dig,07/11/1985,16:29:53
rattata,76,19,3.84,normal,0.3,normal,tackle,hyper_fang,21/09/1996,09:21:52
rattata,37,14,3.72,normal,0.28,normal,quick_attack,hyper_fang,24/07/1919,03:01:12
rattata,50,18,3.22,normal,0.28,normal,quick_attack,dig,09/05/1911,04:46:02
rattata,23,11,1.52,extra_small,0.22,extra_small,tackle,dig,25/11/1987,10:26:11
rattata,10,10,3.86,normal,0.32,normal,tackle,dig,26/11/1955,15:12:58
rattata,101,25,3.57,normal,0.27,normal,quick_attack,body_slam,16/07/1995,08:59:47
rattata,23,11,2.59,extra_small,0.26,normal,quick_attack,dig,21/02/1903,09:17:03
rattata,102,24,4.55,extra_large,0.33,normal,tackle,hyper_fang,24/12/1985,06:39:33
rattata,33,12,4.47,extra_large,0.31,normal,tackle,dig,13/07/1923,05:25:49
rattata,52,17,4.02,normal,0.31,normal,quick_attack,dig,14/12/1921,18:55:07
rattata,10,10,2.9,normal,0.29,normal,quick_attack,body_slam,07/03/1997,01:24:21
rattata,198,35,3.36,normal,0.27,normal,quick_attack,dig,24/11/1996,19:34:26
rattata,10,10,3.26,normal,0.29,normal,quick_attack,dig,09/08/1923,18:15:03
rattata,10,10,3.09,normal,0.29,normal,quick_attack,hyper_fang,22/02/2000,00:15:58
rattata,195,35,2.5,extra_small,0.3,normal,quick_attack,body_slam,03/03/1972,05:39:36
rattata,138,30,3.37,normal,0.31,normal,tackle,body_slam,22/08/1937,03:43:11
rattata,170,31,3.27,normal,0.25,normal,tackle,body_slam,26/03/1974,19:28:26
rattata,21,10,4.53,extra_large,0.36,normal,tackle,dig,13/01/1938,04:15:10
rattata,216,37,4.34,normal,0.33,normal,tackle,body_slam,25/09/1969,12:52:37
rattata,97,22,4.33,normal,0.35,normal,tackle,hyper_fang,17/07/1976,03:52:32
rattata,38,14,4.87,extra_large,0.35,normal,quick_attack,dig,01/10/1968,12:16:58
rattata,111,25,2.02,extra_small,0.24,normal,tackle,dig,15/03/1978,22:01:28
rattata,212,35,2.39,extra_small,0.26,normal,quick_attack,body_slam,16/03/1959,10:53:23
rattata,92,24,4.21,normal,0.31,normal,tackle,dig,06/07/1979,04:29:45
rattata,141,31,3.39,normal,0.3,normal,quick_attack,hyper_fang,16/11/2008,21:45:14
rattata,214,37,3.8,normal,0.32,normal,quick_attack,body_slam,27/10/1902,16:17:40
rattata,208,34,2.65,normal,0.28,normal,tackle,dig,25/08/1978,04:11:04
rattata,64,17,2.7,normal,0.23,normal,quick_attack,body_slam,24/01/1989,00:59:05
rattata,123,26,4.63,extra_large,0.32,normal,quick_attack,dig,26/04/1914,17:44:07
rattata,35,14,6.04,extra_large,0.38,extra_large,tackle,dig,04/08/1975,21:28:49
rattata,22,11,2.78,normal,0.24,normal,tackle,body_slam,23/07/1953,05:03:30
rattata,91,21,2.78,normal,0.3,normal,tackle,hyper_fang,12/11/2014,08:56:37
rattata,154,28,5.67,extra_large,0.38,extra_large,quick_attack,hyper_fang,08/04/1998,05:04:22
rattata,34,13,3.81,normal,0.32,normal,tackle,hyper_fang,20/11/1924,18:29:04
rattata,40,16,4.71,extra_large,0.34,normal,tackle,body_slam,20/05/1987,00:13:37
rattata,115,27,3.26,normal,0.28,normal,quick_attack,dig,28/11/1968,02:20:51
rattata,66,17,4.22,normal,0.32,normal,tackle,dig,08/05/2001,00:53:43
rattata,186,32,3.65,normal,0.31,normal,quick_attack,body_slam,14/02/1900,14:18:11
rattata,201,33,3.12,normal,0.29,normal,quick_attack,hyper_fang,03/09/1967,04:35:25
rattata,50,16,2.98,normal,0.25,normal,tackle,dig,17/08/1947,08:33:35
rattata,219,37,2.43,extra_small,0.25,normal,tackle,dig,27/11/1964,12:17:36
rattata,107,22,3.65,normal,0.29,normal,tackle,dig,15/05/1925,17:56:23
rattata,192,29,3.16,normal,0.33,normal,tackle,dig,06/04/1901,05:02:42
rattata,217,38,3.22,normal,0.31,normal,quick_attack,body_slam,16/01/1945,14:24:47
rattata,246,40,3.9,normal,0.33,normal,tackle,dig,07/11/1988,08:27:57
rattata,21,11,4.49,extra_large,0.32,normal,quick_attack,body_slam,12/07/1917,07:37:17
rattata,112,27,3.37,normal,0.32,normal,tackle,hyper_fang,17/01/1993,12:52:34
rattata,129,29,2.1,extra_small,0.26,normal,tackle,dig,22/04/1939,02:29:06
rattata,154,27,3.45,normal,0.3,normal,tackle,body_slam,23/03/2013,17:19:18
rattata,213,32,3.4,normal,0.3,normal,quick_attack,dig,21/12/1903,07:21:44
rattata,191,32,3.19,normal,0.3,normal,tackle,body_slam,11/10/2004,11:16:09
rattata,55,18,3.29,normal,0.28,normal,quick_attack,dig,14/09/1983,00:50:42
rattata,124,28,4.67,extra_large,0.34,normal,quick_attack,hyper_fang,13/06/1992,22:57:18
rattata,148,29,3.57,normal,0.29,normal,quick_attack,hyper_fang,21/09/1985,08:27:36
rattata,65,17,3.86,normal,0.29,normal,tackle,dig,28/03/1951,15:41:43
rattata,249,40,2.45,extra_small,0.28,normal,tackle,hyper_fang,04/11/1927,08:47:00
rattata,195,35,2.94,normal,0.27,normal,tackle,hyper_fang,05/05/1956,09:07:01
rattata,143,31,4.04,normal,0.33,normal,quick_attack,hyper_fang,10/04/1928,03:33:50
rattata,145,29,3.75,normal,0.31,normal,quick_attack,dig,20/11/1995,17:45:08
rattata,10,10,2.43,extra_small,0.26,normal,quick_attack,body_slam,09/10/1912,06:42:30
rattata,211,36,2.38,extra_small,0.23,normal,quick_attack,dig,13/04/1925,11:27:14
rattata,132,29,3.79,normal,0.3,tackle,tackle,body_slam,12/04/1955,13:07:16
rattata,237,36,4.16,normal,0.31,normal,tackle,hyper_fang,07/07/1971,12:47:10
rattata,34,13,3.68,normal,0.31,normal,tackle,body_slam,21/03/2003,02:14:42
rattata,242,33,3.72,normal,0.29,normal,tackle,body_slam,02/08/1993,05:54:07
rattata,128,26,2.96,normal,0.28,normal,tackle,dig,09/01/1966,23:50:35
rattata,80,21,3.36,normal,0.3,normal,tackle,hyper_fang,04/07/1910,23:57:04
rattata,22,12,3.32,normal,0.28,normal,quick_attack,body_slam,30/03/2013,03:13:03
rattata,276,36,4.23,normal,0.33,normal,quick_attack,dig,22/07/1967,19:27:17
rattata,163,27,4.09,normal,0.32,normal,quick_attack,dig,19/06/1947,07:16:56
rattata,P304,43,2.06,extra_small,0.23,normal,quick_attack,hyper_fang,03/04/1918,13:50:49
rhyhorn,157,49,90.57,normal,0.94,normal,rock_smash,horn_attack,31/08/1959,09:37:41
sandshrew,68,26,8.39,extra_small,0.53,normal,scratch,rock_tomb,02/08/1922,00:22:01
sandshrew,176,45,14.51,normal,0.7,normal,mud_shot,rock_slide,13/12/1910,19:03:05
scyther,246,42,56.34,normal,1.54,normal,fury_cutter,bug_buzz,10/05/1976,18:29:15
seadra,160,28,18.66,extra_small,1.14,normal,water_gun,blizzard,27/11/1964,21:39:19
seel,99,34,117.45,extra_large,1.27,normal,water_gun,icy_wind,14/06/1931,15:20:47
seel,549,85,73.41,normal,1.01,normal,ice_shard,aqua_tail,27/10/1950,22:38:37
seel,516,80,89.3,normal,1.06,normal,ice_shard,icy_wind,17/05/1967,17:52:14
seel,309,63,101.42,normal,1.19,normal,lick,aqua_jet,12/04/1980,17:24:46
shellder,96,21,3.49,normal,0.27,normal,tackle,bubble_beam,06/05/2015,22:02:54
shellder,294,32,3.86,normal,0.33,normal,tackle,icy_wind,13/03/1981,13:38:09
shellder,67,15,5.18,extra_large,0.35,normal,tackle,water_pulse,05/08/1956,02:57:46
shellder,269,31,2.73,extra_small,0.29,normal,tackle,icy_wind,30/11/2009,01:34:22
shellder,115,19,5.16,extra_large,0.33,normal,tackle,water_pulse,21/07/1942,19:54:31
shellder,216,29,3.36,normal,0.26,normal,tackle,water_pulse,17/10/1901,10:34:21
shellder,217,29,4.42,normal,0.34,normal,ice_shard,water_pulse,09/06/1947,22:31:13
shellder,218,30,4.28,normal,0.32,normal,ice_shard,icy_wind,19/04/1930,01:24:50
shellder,270,30,5.44,extra_large,0.35,normal,ice_shard,water_pulse,07/05/2003,12:42:41
slowbro,399,63,53.79,extra_small,1.37,normal,water_gun,ice_beam,28/12/2009,13:07:10
slowpoke,140,56,39.17,normal,1.32,normal,confusion,psychic,21/11/1905,15:41:37
slowpoke,175,60,29.29,normal,1.09,normal,water_gun,water_pulse,18/10/1937,19:33:57
slowpoke,15,18,47.11,extra_large,1.29,normal,confusion,water_pulse,09/05/1936,12:09:17
slowpoke,402,87,32.31,normal,1.12,normal,confusion,psychic,01/04/1980,05:58:16
slowpoke,383,88,35.68,normal,1.15,normal,confusion,water_pulse,07/02/1911,07:44:31
slowpoke,48,32,35.5,normal,1.15,normal,confusion,psyshock,30/01/1956,19:10:28
slowpoke,206,62,38.09,normal,1.13,normal,confusion,psyshock,31/12/1929,00:12:44
snorlax,P300,85,492.04,normal,2.11,normal,lick,body_slam,03/04/1968,10:41:52
spearow,64,23,2.1,normal,0.31,normal,peck,twister,22/12/1954,20:39:44
spearow,221,43,1.05,extra_small,0.24,normal,quick_attack,drill_peck,17/03/1925,07:09:05
spearow,242,43,1.85,normal,0.27,normal,quick_attack,twister,22/12/1977,18:03:39
spearow,108,29,2.32,normal,0.33,normal,peck,twister,26/08/1958,22:37:02
spearow,254,45,1.4,extra_small,0.25,normal,peck,aerial_ace,29/12/1954,03:26:10
spearow,200,37,1.66,normal,0.26,normal,quick_attack,drill_peck,05/11/1925,09:25:48
spearow,128,32,2.74,extra_large,0.34,normal,peck,drill_peck,24/05/1962,02:59:42
spearow,199,38,2.08,normal,0.32,normal,peck,twister,27/11/1908,05:51:29
spearow,27,15,1.06,extra_small,0.26,normal,quick_attack,drill_peck,14/08/1955,14:07:07
spearow,10,10,1.98,normal,0.33,normal,quick_attack,drill_peck,11/03/1920,08:46:18
spearow,167,36,2.31,normal,0.35,normal,peck,twister,11/10/1954,09:38:58
spearow,102,29,1.92,normal,0.3,normal,quick_attack,aerial_ace,09/02/1997,03:02:34
spearow,150,35,1.83,normal,0.27,normal,peck,twister,15/08/1986,10:29:54
spearow,257,43,2.24,normal,0.32,normal,quick_attack,twister,01/12/2003,09:18:14
spearow,210,39,1.76,normal,0.28,normal,quick_attack,twister,11/02/1938,20:45:08
spearow,241,42,2.52,extra_large,0.34,normal,quick_attack,aerial_ace,21/10/1988,15:26:02
spearow,64,23,2.06,normal,0.28,normal,quick_attack,drill_peck,21/01/1952,08:57:19
spearow,28,15,2.74,extra_large,0.37,normal,peck,drill_peck,16/10/1966,03:00:42
spearow,295,48,2.54,extra_large,0.33,normal,quick_attack,aerial_ace,09/10/2014,09:55:02
spearow,239,39,2.73,extra_large,0.35,normal,quick_attack,twister,22/11/2007,20:13:18
spearow,10,10,1.94,normal,0.29,normal,quick_attack,drill_peck,09/11/1920,19:30:11
spearow,294,47,2.32,normal,0.31,normal,quick_attack,twister,21/07/1939,08:26:16
spearow,79,25,1.42,extra_small,0.25,normal,peck,aerial_ace,02/12/1966,06:49:08
spearow,300,50,3.13,extra_large,0.34,normal,quick_attack,twister,12/10/1967,20:57:11
spearow,123,33,1.93,normal,0.27,normal,quick_attack,twister,02/02/1980,20:42:56
spearow,167,36,2.61,extra_large,0.3,normal,peck,drill_peck,18/05/1908,01:38:22
spearow,119,31,1.48,extra_small,0.25,normal,quick_attack,drill_peck,11/12/1928,01:20:13
spearow,82,24,2.06,normal,0.3,normal,quick_attack,aerial_ace,13/10/1990,14:04:13
spearow,145,32,2.37,normal,0.33,normal,peck,aerial_ace,02/07/1964,20:17:12
spearow,296,47,0.69,extra_small,0.22,extra_small,quick_attack,twister,20/11/1949,08:48:14
spearow,184,38,3.03,extra_large,0.38,extra_large,peck,drill_peck,14/08/1978,21:50:57
spearow,89,26,1.06,extra_small,0.22,extra_small,quick_attack,drill_peck,29/12/1991,10:02:06
spearow,171,34,1.73,normal,0.3,normal,peck,drill_peck,15/08/1941,09:50:08
spearow,175,36,2.19,normal,0.29,normal,quick_attack,twister,18/05/1949,14:35:24
spearow,80,26,2.91,extra_large,0.33,normal,quick_attack,aerial_ace,24/12/1996,05:33:12
spearow,186,36,1.78,normal,0.3,normal,peck,drill_peck,25/11/1922,03:54:55
spearow,156,33,2.13,normal,0.33,normal,quick_attack,aerial_ace,06/01/1970,06:38:59
spearow,124,31,2.14,normal,0.32,normal,quick_attack,twister,02/03/1934,23:44:03
spearow,96,28,3.08,extra_large,0.33,normal,peck,twister,24/07/1906,07:05:51
spearow,238,43,2.77,extra_large,0.37,normal,peck,drill_peck,05/06/1990,10:36:09
spearow,244,43,1.46,extra_small,0.28,normal,peck,twister,15/02/2009,03:12:48
spearow,396,58,1.69,normal,0.3,normal,peck,twister,18/10/1993,16:09:09
squirtle,112,25,7.58,normal,0.48,normal,tackle,aqua_tail,10/06/1924,22:06:54
squirtle,11,10,13.25,extra_large,0.56,normal,bubble,water_pulse,21/05/1955,01:56:12
squirtle,313,48,9.56,normal,0.52,normal,tackle,water_pulse,23/03/1982,16:27:43
squirtle,393,53,10.92,normal,0.52,normal,bubble,aqua_jet,17/01/1967,22:56:25
squirtle,481,58,7.77,normal,0.47,normal,bubble,aqua_tail,17/04/2011,05:43:31
squirtle,129,28,7.07,normal,0.47,normal,bubble,water_pulse,07/03/1903,06:19:24
squirtle,P130,28,9.89,normal,0.55,normal,bubble,aqua_tail,03/06/1917,13:43:46
squirtle,P135,30,4.92,extra_small,0.45,normal,tackle,water_pulse,16/04/1952,11:47:07
squirtle,P106,25,8.09,normal,0.47,normal,bubble,aqua_jet,17/05/1984,22:43:40
staryu,11,10,36.41,normal,0.8,normal,water_gun,bubble_beam,24/01/1954,10:40:17
staryu,225,25,36.39,normal,0.73,normal,quick_attack,bubble_beam,24/02/1932,11:35:41
staryu,154,23,18.76,extra_small,0.59,extra_small,water_gun,bubble_beam,10/10/1919,23:22:07
staryu,11,10,18.91,extra_small,0.68,normal,water_gun,power_gem,14/07/1931,16:44:48
staryu,260,29,44.21,extra_large,0.85,normal,quick_attack,bubble_beam,17/05/1977,19:24:59
staryu,112,19,28.08,normal,0.78,normal,water_gun,swift,16/04/1990,07:43:50
staryu,144,23,50.42,extra_large,0.97,normal,quick_attack,swift,12/06/1969,19:16:18
staryu,318,33,30.65,normal,0.82,normal,water_gun,swift,28/08/1961,05:48:09
staryu,178,24,40.24,normal,0.82,normal,quick_attack,bubble_beam,21/11/1966,11:55:32
staryu,36,10,27.73,normal,0.78,normal,water_gun,swift,06/06/1903,06:48:29
staryu,320,32,28.82,normal,0.72,normal,quick_attack,swift,03/09/1985,07:17:04
staryu,127,21,44.92,extra_large,0.85,normal,water_gun,swift,12/10/1936,15:19:53
staryu,60,13,27.96,normal,0.71,normal,quick_attack,power_gem,02/10/1985,13:03:02
staryu,61,14,48.56,extra_large,0.95,normal,water_gun,swift,07/08/1971,12:47:21
staryu,281,33,48.06,extra_large,0.93,normal,quick_attack,swift,12/07/1914,11:56:18
staryu,12,10,22.53,extra_small,0.7,normal,quick_attack,bubble_beam,19/02/1965,12:01:48
staryu,35,10,27.01,normal,0.77,normal,quick_attack,power_gem,22/11/1903,20:55:39
staryu,391,40,46.6,extra_large,0.92,normal,quick_attack,bubble_beam,28/09/1996,02:08:15
staryu,12,10,23.43,normal,0.7,normal,tackle,bubble_beam,29/04/1910,08:44:07
staryu,170,25,31.35,normal,0.78,normal,water_gun,swift,15/10/1962,08:17:14
staryu,220,26,39.64,normal,0.82,normal,water_gun,bubble_beam,05/04/1909,07:37:14
tangela,274,45,46.92,extra_large,1.12,normal,vine_whip,solar_beam,16/07/1932,04:50:00
tangela,885,78,40.29,normal,1.1,normal,vine_whip,solar_beam,15/08/1968,15:22:46
tentacool,83,23,69.19,extra_large,1.14,normal,bubble,water_pulse,10/10/1947,03:02:26
tentacool,254,39,65.36,extra_large,1.01,normal,poison_sting,wrap,16/04/1973,05:06:45
venomoth,77,13,10.72,normal,1.48,normal,bug_bite,poison_fang,04/02/1907,00:10:29
venonat,129,38,20.4,extra_small,0.92,normal,confusion,poison_fang,18/04/1964,00:38:01
venonat,137,38,41.23,extra_large,1.26,extra_large,bug_bite,psybeam,02/08/1959,03:41:31
venonat,70,26,31.99,normal,1.11,normal,bug_bite,psybeam,06/08/1959,07:41:57
venonat,324,61,19.74,extra_small,0.82,normal,bug_bite,poison_fang,07/11/1948,09:40:09
venonat,44,22,33.43,normal,1.04,normal,bug_bite,poison_fang,19/10/1962,10:34:08
venonat,42,22,24.22,normal,0.87,normal,confusion,psybeam,15/04/1939,02:07:20
venonat,514,71,37.55,extra_large,1.1,normal,confusion,poison_fang,09/08/1968,13:18:09
voltorb,131,320,11.2,normal,0.48,normal,spark,discharge,25/09/1995,23:22:51
voltorb,344,49,11.64,normal,0.49,normal,tackle,discharge,12/01/1999,01:27:29
voltorb,320,45,7.12,extra_small,0.37,extra_small,spark,signal_beam,08/01/2007,07:07:51
vulpix,136,29,7.35,extra_small,0.51,normal,ember,flamethrower,23/07/1998,15:07:27
vulpix,362,45,11.01,normal,0.65,normal,ember,body_slam,10/07/1978,06:02:15
weedle,79,31,2.16,extra_small,0.28,normal,bug_bite,struggle,07/01/1990,13:13:08
weedle,14,14,3.28,normal,0.3,normal,poison_sting,struggle,25/04/1990,14:01:03
weedle,10,10,2.01,extra_small,0.28,normal,poison_sting,struggle,04/07/1943,06:33:56
weedle,112,41,2.43,normal,0.28,normal,bug_bite,struggle,20/07/1925,03:18:12
weedle,36,24,3.11,normal,0.32,normal,bug_bite,struggle,10/03/1984,11:11:55
weedle,117,41,2.24,extra_small,0.24,normal,poison_sting,struggle,08/08/1936,01:46:49
weedle,10,10,3.83,normal,0.31,normal,bug_bite,struggle,05/01/1926,10:36:07
weedle,82,30,2.86,normal,0.31,normal,poison_sting,struggle,18/09/1986,20:26:56
weedle,83,31,2.59,normal,0.26,normal,poison_sting,struggle,06/01/1940,23:11:57
weedle,10,10,2.08,extra_small,0.25,normal,bug_bite,struggle,03/04/1976,04:22:30
weedle,15,13,3.35,normal,0.3,normal,poison_sting,struggle,30/04/1972,12:47:20
weedle,27,18,3.06,normal,0.32,normal,poison_sting,struggle,17/01/1954,07:57:48
weedle,54,29,3.63,normal,0.33,normal,bug_bite,struggle,21/05/1942,18:42:29
weedle,94,34,3.47,normal,0.32,normal,bug_bite,struggle,14/07/1925,17:04:05
weedle,158,43,2.94,normal,0.27,normal,poison_sting,struggle,19/10/1984,00:10:01
weedle,17,13,2.25,extra_small,0.22,extra_small,bug_bite,struggle,20/07/1925,08:14:54
weedle,125,39,2.9,normal,0.27,normal,poison_sting,struggle,26/03/1924,17:15:33
weedle,90,35,2.52,normal,0.28,normal,poison_sting,struggle,12/10/1945,05:51:18
weedle,15,15,4.44,extra_large,0.36,normal,bug_bite,struggle,20/06/2008,09:07:16
weedle,231,54,3.88,normal,0.36,normal,bug_bite,struggle,27/12/2000,21:47:18
weedle,140,42,3.26,normal,0.3,normal,bug_bite,struggle,21/03/2006,15:35:54
weedle,157,47,3.04,normal,0.29,normal,bug_bite,struggle,21/09/1965,00:38:08
zubat,60,21,7.13,normal,0.78,normal,bite,air_cutter,06/08/1996,06:47:58
zubat,79,26,6.39,normal,0.77,normal,quick_attack,air_cutter,16/04/1953,07:52:07
zubat,151,34,9.53,extra_large,0.82,normal,bite,air_cutter,24/09/1987,15:37:51
zubat,65,24,8.22,normal,0.85,normal,quick_attack,air_cutter,22/12/1974,07:01:41
zubat,25,13,9.02,normal,0.91,normal,quick_attack,air_cutter,05/01/1958,11:09:59
zubat,137,34,5.22,extra_small,0.71,normal,bite,sludge_bomb,30/04/1908,09:57:55
zubat,123,31,9.73,extra_large,0.95,normal,bite,poison_fang,20/04/1987,22:01:32
zubat,110,32,12.1,extra_large,0.96,normal,bite,sludge_bomb,20/12/2003,11:14:56
zubat,10,10,3.58,extra_small,0.56,extra_small,quick_attack,sludge_bomb,12/07/1967,03:40:32
zubat,121,31,7.37,normal,0.8,normal,bite,poison_fang,17/03/1943,15:53:03
zubat,255,46,12.64,extra_large,1.06,extra_large,quick_attack,poison_fang,21/11/1982,12:43:42
zubat,263,48,8.71,normal,0.77,normal,quick_attack,sludge_bomb,01/07/1935,17:57:24
zubat,221,43,8.36,normal,0.82,normal,bite,poison_fang,06/08/1932,22:22:13
zubat,54,20,7.58,normal,0.76,normal,bite,air_cutter,09/08/1950,03:28:56
zubat,21,35,9.76,extra_large,0.85,normal,bite,sludge_bomb,23/07/1958,18:24:40
zubat,104,32,6.96,normal,0.74,normal,bite,poison_fang,09/02/1971,18:18:38
zubat,191,39,4.92,extra_small,0.73,normal,quick_attack,air_cutter,22/09/1971,00:28:47
zubat,197,40,5.14,extra_small,0.72,normal,quick_attack,poison_fang,28/06/1991,10:35:01
zubat,57,24,9.61,extra_large,0.89,normal,bite,sludge,08/08/1916,03:51:22
zubat,57,24,8.12,normal,0.76,normal,bite,poison_fang,05/01/2008,15:21:09
zubat,161,37,4.17,extra_small,0.74,normal,bite,poison_fang,18/11/1980,10:02:00
zubat,52,21,7.79,normal,0.86,normal,bite,sludge_bomb,17/06/1968,16:55:15
zubat,116,31,12.71,extra_large,0.96,normal,bite,air_cutter,06/05/2004,02:19:14
zubat,10,10,6.86,normal,0.85,normal,bite,sludge_bomb,05/11/2013,18:03:51
zubat,176,40,8.8,normal,0.92,normal,quick_attack,air_cutter,08/11/1998,07:30:59
zubat,10,10,9.63,extra_large,0.88,normal,quick_attack,sludge_bomb,08/01/1951,09:53:19
zubat,170,40,5.43,extra_small,0.76,normal,quick_attack,poison_fang,28/05/1940,20:05:38
zubat,10,10,8.12,normal,0.85,normal,bite,air_cutter,20/04/1900,22:35:05
zubat,172,37,6.43,normal,0.68,normal,quick_attack,air_cutter,26/10/1984,09:14:00
zubat,210,40,7.19,normal,0.77,normal,bite,sludge_bomb,30/01/1913,05:32:47
zubat,112,30,2.31,extra_small,0.52,extra_small,quick_attack,poison_fang,19/02/1938,08:07:51
zubat,144,38,5.38,extra_small,0.66,normal,quick_attack,poison_fang,28/03/1997,02:35:46
zubat,346,56,5.05,extra_small,0.62,normal,bite,air_cutter,31/03/2001,22:00:46
zubat,249,45,11.39,extra_large,0.97,normal,bite,sludge_bomb,26/02/1972,08:12:30
zubat,P37,17,5.59,extra_small,0.74,normal,bite,poison_fang,24/08/2009,19:25:46
